product_handle,rating,reviewer_name,review_title,review_body,verified_buyer,created_at
1-bottle,5,"Kashif Rehan Saeed","Refreshing Lavender Fragrance","لیونڈر کی خوشبو نرم اور خوشگوار ہے۔ فرش صاف کرنے کے بعد کمرے میں بھی تازگی محسوس ہوتی ہے۔ خوشبو سب سے زیادہ پسند آئی۔",true,2026-08-30T14:25:34.144Z
1-bottle,5,"Shahzaib Raza Aslam","Refreshing Lavender Fragrance","میں نے یہ فلور کلینر استعمال کیا اور صفائی کے بعد فرش کافی تازہ محسوس ہوا۔ لیونڈر کی خوشبو بھی اچھی ہے۔ ابھی تک تجربہ اچھا رہا۔",true,2026-08-30T14:09:26.323Z
1-bottle,5,"Jibran Taimur Malik","Refreshing Lavender Fragrance","میں نے یہ فلور کلینر استعمال کیا اور صفائی کے بعد فرش کافی تازہ محسوس ہوا۔ لیونڈر کی خوشبو بھی اچھی ہے۔ ابھی تک تجربہ اچھا رہا۔ ابھی تک تجربہ اچھا رہا۔",true,2026-08-29T13:40:16.452Z
1-bottle,5,"Sidra Shayan Malik","Refreshing Lavender Fragrance","روزمرہ فرش کی صفائی کے لیے استعمال کیا۔ فرش صاف محسوس ہوا اور خوشبو بھی پسند آئی۔ ابھی تک تجربہ اچھا رہا۔",true,2026-08-31T14:15:22.754Z
1-bottle,5,"Mustafa Sami Mirza","Refreshing Lavender Fragrance","میں نے یہ فلور کلینر استعمال کیا اور صفائی کے بعد فرش کافی تازہ محسوس ہوا۔ لیونڈر کی خوشبو بھی اچھی ہے۔ ابھی تک تجربہ اچھا رہا۔",true,2026-08-31T13:45:54.047Z
3-bottles,5,"Rehan Sami Javed","Refreshing Lavender Fragrance","لیونڈر کی خوشبو نرم اور خوشگوار ہے۔ فرش صاف کرنے کے بعد کمرے میں بھی تازگی محسوس ہوتی ہے۔ خوشبو سب سے زیادہ پسند آئی۔",true,2026-08-29T14:13:34.497Z
3-bottles,5,"Mahnoor Zubair Raza","Refreshing Lavender Fragrance","لیونڈر کی خوشبو نرم اور خوشگوار ہے۔ فرش صاف کرنے کے بعد کمرے میں بھی تازگی محسوس ہوتی ہے۔ خوشبو سب سے زیادہ پسند آئی۔",true,2026-08-29T14:35:22.231Z
3-bottles,5,"Sonia Amin Javed","Refreshing Lavender Fragrance","روزمرہ فرش کی صفائی کے لیے استعمال کیا۔ فرش صاف محسوس ہوا اور خوشبو بھی پسند آئی۔ خوشبو سب سے زیادہ پسند آئی۔",true,2026-08-29T13:44:43.502Z
5-bottles,5,"Adeel Rehan Akhtar","Refreshing Lavender Fragrance","روزمرہ فرش کی صفائی کے لیے استعمال کیا۔ فرش صاف محسوس ہوا اور خوشبو بھی پسند آئی۔ دوبارہ استعمال کروں گا۔",true,2026-08-31T14:08:31.424Z
5-bottles,4,"Noor Shayan Rashid","Pleasant Lavender Scent","میں نے یہ فلور کلینر استعمال کیا اور صفائی کے بعد فرش کافی تازہ محسوس ہوا۔ لیونڈر کی خوشبو بھی اچھی ہے۔ روزمرہ صفائی کے لیے مناسب ہے۔",false,2026-08-29T14:06:03.268Z
1-bottle,5,"Mehwish Ayan Saeed","Refreshing Lavender Fragrance","کمرے میں استعمال کیا، صفائی آسان رہی اور لیونڈر کی خوشبو اچھی لگی۔ مجموعی طور پر تجربہ اچھا رہا۔ خوشبو سب سے زیادہ پسند آئی۔",true,2026-08-30T14:27:40.201Z
1-bottle,5,"Ayaan Sami Sheikh","Refreshing Lavender Fragrance","لیونڈر کی خوشبو نرم اور خوشگوار ہے۔ فرش صاف کرنے کے بعد کمرے میں بھی تازگی محسوس ہوتی ہے۔ روزمرہ صفائی کے لیے مناسب ہے۔",true,2026-08-31T13:42:28.805Z
1-bottle,5,"Samina Noor Raza","Refreshing Lavender Fragrance","روزمرہ فرش کی صفائی کے لیے استعمال کیا۔ فرش صاف محسوس ہوا اور خوشبو بھی پسند آئی۔ خوشبو سب سے زیادہ پسند آئی۔",true,2026-08-31T14:28:37.013Z
1-bottle,4,"Bilal Noor Chaudhry","Pleasant Lavender Scent","لیونڈر کی خوشبو نرم اور خوشگوار ہے۔ فرش صاف کرنے کے بعد کمرے میں بھی تازگی محسوس ہوتی ہے۔ مجموعی طور پر اچھا لگا۔",true,2026-08-29T13:49:04.762Z
1-bottle,5,"Rayan Rehan Raza","Refreshing Lavender Fragrance","روزمرہ فرش کی صفائی کے لیے استعمال کیا۔ فرش صاف محسوس ہوا اور خوشبو بھی پسند آئی۔ روزمرہ صفائی کے لیے مناسب ہے۔",true,2026-08-29T14:20:17.937Z
3-bottles,5,"Nimra Rehan Hussain","Refreshing Lavender Fragrance","روزمرہ فرش کی صفائی کے لیے استعمال کیا۔ فرش صاف محسوس ہوا اور خوشبو بھی پسند آئی۔ روزمرہ صفائی کے لیے مناسب ہے۔ 4.5 خوشبو سب سے زیادہ پسند آئی۔",true,2026-08-31T14:30:33.445Z
3-bottles,5,"Adeel Umar Qureshi","Refreshing Lavender Fragrance","کمرے میں استعمال کیا، صفائی آسان رہی اور لیونڈر کی خوشبو اچھی لگی۔ مجموعی طور پر تجربہ اچھا رہا۔ ابھی تک تجربہ اچھا رہا۔",true,2026-08-31T13:52:41.712Z
3-bottles,5,"Ehtisham Faisal Hashmi","Refreshing Lavender Fragrance","خوشبو توقع سے بہتر لگی۔ فرش دھونے کے بعد کافی دیر تک تازگی محسوس ہوئی۔ ابھی تک تجربہ اچھا رہا۔",true,2026-08-30T14:23:51.624Z
5-bottles,4,"Sundas Taimur Qureshi","Pleasant Lavender Scent","کمرے میں استعمال کیا، صفائی آسان رہی اور لیونڈر کی خوشبو اچھی لگی۔ مجموعی طور پر تجربہ اچھا رہا۔ مجموعی طور پر اچھا لگا۔",true,2026-08-30T14:20:01.360Z
5-bottles,5,"Aariz Ali Hashmi","Refreshing Lavender Fragrance","کمرے میں استعمال کیا، صفائی آسان رہی اور لیونڈر کی خوشبو اچھی لگی۔ مجموعی طور پر تجربہ اچھا رہا۔ خوشبو سب سے زیادہ پسند آئی۔",true,2026-08-28T13:48:34.479Z
1-bottle,5,"Mahnoor Hassan Nawaz","Refreshing Lavender Fragrance","روزمرہ فرش کی صفائی کے لیے استعمال کیا۔ فرش صاف محسوس ہوا اور خوشبو بھی پسند آئی۔ ابھی تک تجربہ اچھا رہا۔",true,2026-08-30T14:18:17.686Z
1-bottle,5,"Omer Kamil Hashmi","Refreshing Lavender Fragrance","لیونڈر کی خوشبو نرم اور خوشگوار ہے۔ فرش صاف کرنے کے بعد کمرے میں بھی تازگی محسوس ہوتی ہے۔ ابھی تک تجربہ اچھا رہا۔",true,2026-08-30T14:29:33.550Z
1-bottle,4,"Arsalan Rehan Khan","Pleasant Lavender Scent","لیونڈر کی خوشبو نرم اور خوشگوار ہے۔ فرش صاف کرنے کے بعد کمرے میں بھی تازگی محسوس ہوتی ہے۔ روزمرہ صفائی کے لیے مناسب ہے۔",true,2026-08-29T14:26:12.764Z
1-bottle,4,"Saim Kamil Nawaz","Pleasant Lavender Scent","میں نے یہ فلور کلینر استعمال کیا اور صفائی کے بعد فرش کافی تازہ محسوس ہوا۔ لیونڈر کی خوشبو بھی اچھی ہے۔ خوشبو سب سے زیادہ پسند آئی۔",true,2026-08-30T14:26:31.824Z
1-bottle,5,"Sundas Kashan Siddiqui","Refreshing Lavender Fragrance","روزمرہ فرش کی صفائی کے لیے استعمال کیا۔ فرش صاف محسوس ہوا اور خوشبو بھی پسند آئی۔ خوشبو سب سے زیادہ پسند آئی۔",false,2026-08-30T13:54:07.478Z
3-bottles,4,"Irfan Kashan Javed","Pleasant Lavender Scent","کمرے میں استعمال کیا، صفائی آسان رہی اور لیونڈر کی خوشبو اچھی لگی۔ مجموعی طور پر تجربہ اچھا رہا۔ ابھی تک تجربہ اچھا رہا۔",true,2026-08-28T13:43:15.175Z
3-bottles,4,"Hania Ahmed Hashmi","Pleasant Lavender Scent","روزمرہ فرش کی صفائی کے لیے استعمال کیا۔ فرش صاف محسوس ہوا اور خوشبو بھی پسند آئی۔ ابھی تک تجربہ اچھا رہا۔",true,2026-08-28T13:42:01.406Z
3-bottles,5,"Jibran Umar Siddiqui","Refreshing Lavender Fragrance","روزمرہ فرش کی صفائی کے لیے استعمال کیا۔ فرش صاف محسوس ہوا اور خوشبو بھی پسند آئی۔ دوبارہ استعمال کروں گا۔",true,2026-08-29T13:39:48.101Z
5-bottles,4,"Adeel Naveed Qureshi","Pleasant Lavender Scent","خوشبو توقع سے بہتر لگی۔ فرش دھونے کے بعد کافی دیر تک تازگی محسوس ہوئی۔ ابھی تک تجربہ اچھا رہا۔",true,2026-08-29T13:54:17.964Z
5-bottles,5,"Zeeshan Rehan Hashmi","Refreshing Lavender Fragrance","خوشبو توقع سے بہتر لگی۔ فرش دھونے کے بعد کافی دیر تک تازگی محسوس ہوئی۔ مجموعی طور پر اچھا لگا۔",true,2026-08-29T14:26:06.441Z
1-bottle,4,"Sana Shayan Aslam","Pleasant Lavender Scent","کمرے میں استعمال کیا، صفائی آسان رہی اور لیونڈر کی خوشبو اچھی لگی۔ مجموعی طور پر تجربہ اچھا رہا۔ ابھی تک تجربہ اچھا رہا۔ 4.8 خوشبو سب سے زیادہ پسند آئی۔",true,2026-08-29T14:16:12.121Z
1-bottle,4,"Rabia Hassan Rashid","Pleasant Lavender Scent","روزمرہ فرش کی صفائی کے لیے استعمال کیا۔ فرش صاف محسوس ہوا اور خوشبو بھی پسند آئی۔ دوبارہ استعمال کروں گا۔",true,2026-08-28T13:52:55.615Z
1-bottle,5,"Waleed Raza Siddiqui","Refreshing Lavender Fragrance","خوشبو توقع سے بہتر لگی۔ فرش دھونے کے بعد کافی دیر تک تازگی محسوس ہوئی۔ روزمرہ صفائی کے لیے مناسب ہے۔",true,2026-08-29T14:31:27.947Z
1-bottle,5,"Jibran Shayan Malik","Refreshing Lavender Fragrance","لیونڈر کی خوشبو نرم اور خوشگوار ہے۔ فرش صاف کرنے کے بعد کمرے میں بھی تازگی محسوس ہوتی ہے۔ روزمرہ صفائی کے لیے مناسب ہے۔",true,2026-08-30T14:12:28.907Z
1-bottle,5,"Arsalan Sami Chaudhry","Refreshing Lavender Fragrance","روزمرہ فرش کی صفائی کے لیے استعمال کیا۔ فرش صاف محسوس ہوا اور خوشبو بھی پسند آئی۔ مجموعی طور پر اچھا لگا۔",true,2026-08-29T13:38:20.801Z
3-bottles,5,"Sufyan Amin Raza","Refreshing Lavender Fragrance","لیونڈر کی خوشبو نرم اور خوشگوار ہے۔ فرش صاف کرنے کے بعد کمرے میں بھی تازگی محسوس ہوتی ہے۔ مجموعی طور پر اچھا لگا۔",true,2026-08-28T14:07:41.300Z
3-bottles,4,"Zara Raza Iqbal","Pleasant Lavender Scent","میں نے یہ فلور کلینر استعمال کیا اور صفائی کے بعد فرش کافی تازہ محسوس ہوا۔ لیونڈر کی خوشبو بھی اچھی ہے۔ روزمرہ صفائی کے لیے مناسب ہے۔",false,2026-08-27T13:41:16.899Z
3-bottles,5,"Nadia Kashan Nawaz","Refreshing Lavender Fragrance","خوشبو توقع سے بہتر لگی۔ فرش دھونے کے بعد کافی دیر تک تازگی محسوس ہوئی۔ دوبارہ استعمال کروں گا۔",false,2026-08-27T14:37:10.095Z
5-bottles,5,"Arham Sami Sheikh","Refreshing Lavender Fragrance","میں نے یہ فلور کلینر استعمال کیا اور صفائی کے بعد فرش کافی تازہ محسوس ہوا۔ لیونڈر کی خوشبو بھی اچھی ہے۔ دوبارہ استعمال کروں گا۔",true,2026-08-27T14:17:25.120Z
5-bottles,5,"Talha Naveed Mirza","Refreshing Lavender Fragrance","روزمرہ فرش کی صفائی کے لیے استعمال کیا۔ فرش صاف محسوس ہوا اور خوشبو بھی پسند آئی۔ روزمرہ صفائی کے لیے مناسب ہے۔",true,2026-08-29T13:56:23.567Z
1-bottle,5,"Talha Rehan Hussain","Refreshing Lavender Fragrance","میں نے یہ فلور کلینر استعمال کیا اور صفائی کے بعد فرش کافی تازہ محسوس ہوا۔ لیونڈر کی خوشبو بھی اچھی ہے۔ دوبارہ استعمال کروں گا۔",true,2026-08-27T14:24:55.251Z
1-bottle,5,"Salman Taimur Mirza","Refreshing Lavender Fragrance","کمرے میں استعمال کیا، صفائی آسان رہی اور لیونڈر کی خوشبو اچھی لگی۔ مجموعی طور پر تجربہ اچھا رہا۔ مجموعی طور پر اچھا لگا۔ خوشبو سب سے زیادہ پسند آئی۔",true,2026-08-28T14:12:24.795Z
1-bottle,5,"Adnan Shayan Chaudhry","Refreshing Lavender Fragrance","خوشبو توقع سے بہتر لگی۔ فرش دھونے کے بعد کافی دیر تک تازگی محسوس ہوئی۔ مجموعی طور پر اچھا لگا۔",true,2026-08-27T13:53:10.368Z
1-bottle,5,"Yasir Sami Raza","Refreshing Lavender Fragrance","کمرے میں استعمال کیا، صفائی آسان رہی اور لیونڈر کی خوشبو اچھی لگی۔ مجموعی طور پر تجربہ اچھا رہا۔ خوشبو سب سے زیادہ پسند آئی۔ ابھی تک تجربہ اچھا رہا۔",true,2026-08-27T13:42:19.869Z
1-bottle,4,"Osama Faisal Nawaz","Pleasant Lavender Scent","روزمرہ فرش کی صفائی کے لیے استعمال کیا۔ فرش صاف محسوس ہوا اور خوشبو بھی پسند آئی۔ خوشبو سب سے زیادہ پسند آئی۔",true,2026-08-29T13:56:55.534Z
3-bottles,5,"Ali Hadi Hashmi","Refreshing Lavender Fragrance","کمرے میں استعمال کیا، صفائی آسان رہی اور لیونڈر کی خوشبو اچھی لگی۔ مجموعی طور پر تجربہ اچھا رہا۔ مجموعی طور پر اچھا لگا۔",true,2026-08-29T13:38:37.372Z
3-bottles,5,"Ahsan Adil Mirza","Refreshing Lavender Fragrance","لیونڈر کی خوشبو نرم اور خوشگوار ہے۔ فرش صاف کرنے کے بعد کمرے میں بھی تازگی محسوس ہوتی ہے۔ مجموعی طور پر اچھا لگا۔ 3.9 روزمرہ صفائی کے لیے مناسب ہے۔",true,2026-08-28T13:39:43.929Z
3-bottles,5,"Iqra Umar Siddiqui","Refreshing Lavender Fragrance","روزمرہ فرش کی صفائی کے لیے استعمال کیا۔ فرش صاف محسوس ہوا اور خوشبو بھی پسند آئی۔ ابھی تک تجربہ اچھا رہا۔ روزمرہ صفائی کے لیے مناسب ہے۔",true,2026-08-28T14:19:04.069Z
5-bottles,5,"Hania Zubair Baig","Refreshing Lavender Fragrance","میں نے یہ فلور کلینر استعمال کیا اور صفائی کے بعد فرش کافی تازہ محسوس ہوا۔ لیونڈر کی خوشبو بھی اچھی ہے۔ روزمرہ صفائی کے لیے مناسب ہے۔ 4 روزمرہ صفائی کے لیے مناسب ہے۔",true,2026-08-28T14:17:23.010Z
5-bottles,5,"Irfan Ibrahim Sheikh","Refreshing Lavender Fragrance","میں نے یہ فلور کلینر استعمال کیا اور صفائی کے بعد فرش کافی تازہ محسوس ہوا۔ لیونڈر کی خوشبو بھی اچھی ہے۔ خوشبو سب سے زیادہ پسند آئی۔ 3 ابھی تک تجربہ اچھا رہا۔",true,2026-08-27T14:15:09.237Z
1-bottle,5,"Sarah Ayan Javed","Refreshing Lavender Fragrance","لیونڈر کی خوشبو نرم اور خوشگوار ہے۔ فرش صاف کرنے کے بعد کمرے میں بھی تازگی محسوس ہوتی ہے۔ خوشبو سب سے زیادہ پسند آئی۔",true,2026-08-26T14:00:25.045Z
1-bottle,5,"Sundas Kashan Saeed","Refreshing Lavender Fragrance","خوشبو توقع سے بہتر لگی۔ فرش دھونے کے بعد کافی دیر تک تازگی محسوس ہوئی۔ دوبارہ استعمال کروں گا۔",true,2026-08-27T14:29:20.610Z
1-bottle,5,"Mehwish Naveed Aslam","Refreshing Lavender Fragrance","روزمرہ فرش کی صفائی کے لیے استعمال کیا۔ فرش صاف محسوس ہوا اور خوشبو بھی پسند آئی۔ ابھی تک تجربہ اچھا رہا۔",true,2026-08-26T14:14:13.230Z
1-bottle,5,"Osama Hadi Farooq","Refreshing Lavender Fragrance","لیونڈر کی خوشبو نرم اور خوشگوار ہے۔ فرش صاف کرنے کے بعد کمرے میں بھی تازگی محسوس ہوتی ہے۔ روزمرہ صفائی کے لیے مناسب ہے۔",true,2026-08-28T13:55:13.679Z
1-bottle,5,"Osama Hadi Raza","Refreshing Lavender Fragrance","روزمرہ فرش کی صفائی کے لیے استعمال کیا۔ فرش صاف محسوس ہوا اور خوشبو بھی پسند آئی۔ روزمرہ صفائی کے لیے مناسب ہے۔",true,2026-08-28T14:12:08.347Z
3-bottles,5,"Adnan Amin Khan","Refreshing Lavender Fragrance","لیونڈر کی خوشبو نرم اور خوشگوار ہے۔ فرش صاف کرنے کے بعد کمرے میں بھی تازگی محسوس ہوتی ہے۔ ابھی تک تجربہ اچھا رہا۔ روزمرہ صفائی کے لیے مناسب ہے۔",true,2026-08-26T13:41:44.292Z
3-bottles,5,"Fahad Kamil Javed","Refreshing Lavender Fragrance","خوشبو توقع سے بہتر لگی۔ فرش دھونے کے بعد کافی دیر تک تازگی محسوس ہوئی۔ مجموعی طور پر اچھا لگا۔ 3 خوشبو سب سے زیادہ پسند آئی۔",true,2026-08-26T14:02:38.976Z
3-bottles,5,"Sarah Ibrahim Raza","Refreshing Lavender Fragrance","کمرے میں استعمال کیا، صفائی آسان رہی اور لیونڈر کی خوشبو اچھی لگی۔ مجموعی طور پر تجربہ اچھا رہا۔ دوبارہ استعمال کروں گا۔",true,2026-08-27T14:14:39.131Z
5-bottles,5,"Maryam Faisal Aslam","Refreshing Lavender Fragrance","خوشبو توقع سے بہتر لگی۔ فرش دھونے کے بعد کافی دیر تک تازگی محسوس ہوئی۔ روزمرہ صفائی کے لیے مناسب ہے۔ 4.8 خوشبو سب سے زیادہ پسند آئی۔",true,2026-08-28T14:26:01.312Z
5-bottles,5,"Ali Ayan Qureshi","Refreshing Lavender Fragrance","خوشبو توقع سے بہتر لگی۔ فرش دھونے کے بعد کافی دیر تک تازگی محسوس ہوئی۔ خوشبو سب سے زیادہ پسند آئی۔",false,2026-08-27T13:59:16.960Z
1-bottle,4,"Rehan Kashan Mirza","Pleasant Lavender Scent","لیونڈر کی خوشبو نرم اور خوشگوار ہے۔ فرش صاف کرنے کے بعد کمرے میں بھی تازگی محسوس ہوتی ہے۔ روزمرہ صفائی کے لیے مناسب ہے۔",true,2026-08-26T14:10:05.103Z
1-bottle,5,"Saira Raza Farooq","Refreshing Lavender Fragrance","روزمرہ فرش کی صفائی کے لیے استعمال کیا۔ فرش صاف محسوس ہوا اور خوشبو بھی پسند آئی۔ دوبارہ استعمال کروں گا۔",true,2026-08-28T13:58:36.472Z
1-bottle,5,"Yumna Zubair Chaudhry","Refreshing Lavender Fragrance","کمرے میں استعمال کیا، صفائی آسان رہی اور لیونڈر کی خوشبو اچھی لگی۔ مجموعی طور پر تجربہ اچھا رہا۔ خوشبو سب سے زیادہ پسند آئی۔ 4.5 روزمرہ صفائی کے لیے مناسب ہے۔",true,2026-08-26T13:56:14.149Z
1-bottle,5,"Farhan Rehan Javed","Refreshing Lavender Fragrance","لیونڈر کی خوشبو نرم اور خوشگوار ہے۔ فرش صاف کرنے کے بعد کمرے میں بھی تازگی محسوس ہوتی ہے۔ ابھی تک تجربہ اچھا رہا۔",true,2026-08-26T14:07:38.360Z
1-bottle,5,"Bilal Ibrahim Hussain","Refreshing Lavender Fragrance","خوشبو توقع سے بہتر لگی۔ فرش دھونے کے بعد کافی دیر تک تازگی محسوس ہوئی۔ خوشبو سب سے زیادہ پسند آئی۔ 4.8 دوبارہ استعمال کروں گا۔",true,2026-08-26T13:47:25.261Z
3-bottles,5,"Atif Ali Butt","Refreshing Lavender Fragrance","میں نے یہ فلور کلینر استعمال کیا اور صفائی کے بعد فرش کافی تازہ محسوس ہوا۔ لیونڈر کی خوشبو بھی اچھی ہے۔ مجموعی طور پر اچھا لگا۔",true,2026-08-27T14:21:56.768Z
3-bottles,5,"Mahnoor Shayan Akhtar","Refreshing Lavender Fragrance","کمرے میں استعمال کیا، صفائی آسان رہی اور لیونڈر کی خوشبو اچھی لگی۔ مجموعی طور پر تجربہ اچھا رہا۔ روزمرہ صفائی کے لیے مناسب ہے۔",true,2026-08-28T14:16:27.656Z
3-bottles,4,"Usman Hadi Malik","Pleasant Lavender Scent","روزمرہ فرش کی صفائی کے لیے استعمال کیا۔ فرش صاف محسوس ہوا اور خوشبو بھی پسند آئی۔ ابھی تک تجربہ اچھا رہا۔",true,2026-08-27T13:38:53.840Z
5-bottles,5,"Huzaifa Noor Akhtar","Refreshing Lavender Fragrance","میں نے یہ فلور کلینر استعمال کیا اور صفائی کے بعد فرش کافی تازہ محسوس ہوا۔ لیونڈر کی خوشبو بھی اچھی ہے۔ روزمرہ صفائی کے لیے مناسب ہے۔",true,2026-08-26T14:15:43.427Z
5-bottles,5,"Hamza Shayan Hashmi","Refreshing Lavender Fragrance","کمرے میں استعمال کیا، صفائی آسان رہی اور لیونڈر کی خوشبو اچھی لگی۔ مجموعی طور پر تجربہ اچھا رہا۔ دوبارہ استعمال کروں گا۔",true,2026-08-26T14:04:32.375Z
1-bottle,5,"Osama Hadi Butt","Refreshing Lavender Fragrance","کمرے میں استعمال کیا، صفائی آسان رہی اور لیونڈر کی خوشبو اچھی لگی۔ مجموعی طور پر تجربہ اچھا رہا۔ دوبارہ استعمال کروں گا۔",true,2026-08-26T14:26:25.904Z
1-bottle,5,"Mariam Rehan Qureshi","Refreshing Lavender Fragrance","کمرے میں استعمال کیا، صفائی آسان رہی اور لیونڈر کی خوشبو اچھی لگی۔ مجموعی طور پر تجربہ اچھا رہا۔ خوشبو سب سے زیادہ پسند آئی۔",true,2026-08-25T14:25:14.662Z
1-bottle,4,"Danish Kamil Nawaz","Pleasant Lavender Scent","لیونڈر کی خوشبو نرم اور خوشگوار ہے۔ فرش صاف کرنے کے بعد کمرے میں بھی تازگی محسوس ہوتی ہے۔ ابھی تک تجربہ اچھا رہا۔",true,2026-08-25T14:17:34.543Z
1-bottle,5,"Waleed Ayan Chaudhry","Refreshing Lavender Fragrance","لیونڈر کی خوشبو نرم اور خوشگوار ہے۔ فرش صاف کرنے کے بعد کمرے میں بھی تازگی محسوس ہوتی ہے۔ ابھی تک تجربہ اچھا رہا۔",true,2026-08-25T13:51:02.008Z
1-bottle,5,"Zainab Taimur Hussain","Refreshing Lavender Fragrance","خوشبو توقع سے بہتر لگی۔ فرش دھونے کے بعد کافی دیر تک تازگی محسوس ہوئی۔ ابھی تک تجربہ اچھا رہا۔",true,2026-08-25T14:15:24.214Z
3-bottles,4,"Saad Rehan Farooq","Pleasant Lavender Scent","لیونڈر کی خوشبو نرم اور خوشگوار ہے۔ فرش صاف کرنے کے بعد کمرے میں بھی تازگی محسوس ہوتی ہے۔ روزمرہ صفائی کے لیے مناسب ہے۔",true,2026-08-25T14:04:44.924Z
3-bottles,5,"Sarah Ali Farooq","Refreshing Lavender Fragrance","خوشبو توقع سے بہتر لگی۔ فرش دھونے کے بعد کافی دیر تک تازگی محسوس ہوئی۔ خوشبو سب سے زیادہ پسند آئی۔",true,2026-08-25T14:33:32.748Z
3-bottles,4,"Osama Ayan Baig","Pleasant Lavender Scent","لیونڈر کی خوشبو نرم اور خوشگوار ہے۔ فرش صاف کرنے کے بعد کمرے میں بھی تازگی محسوس ہوتی ہے۔ خوشبو سب سے زیادہ پسند آئی۔ 4.5 روزمرہ صفائی کے لیے مناسب ہے۔",true,2026-08-27T13:46:43.070Z
5-bottles,5,"Nadia Sami Saeed","Refreshing Lavender Fragrance","روزمرہ فرش کی صفائی کے لیے استعمال کیا۔ فرش صاف محسوس ہوا اور خوشبو بھی پسند آئی۔ مجموعی طور پر اچھا لگا۔",true,2026-08-26T13:50:28.038Z
5-bottles,5,"Asad Ibrahim Aslam","Refreshing Lavender Fragrance","خوشبو توقع سے بہتر لگی۔ فرش دھونے کے بعد کافی دیر تک تازگی محسوس ہوئی۔ روزمرہ صفائی کے لیے مناسب ہے۔",true,2026-08-25T13:50:36.777Z
1-bottle,5,"Sameer Faisal Khan","Refreshing Lavender Fragrance","روزمرہ فرش کی صفائی کے لیے استعمال کیا۔ فرش صاف محسوس ہوا اور خوشبو بھی پسند آئی۔ خوشبو سب سے زیادہ پسند آئی۔",true,2026-08-25T13:40:46.771Z
1-bottle,5,"Saad Hassan Nawaz","Refreshing Lavender Fragrance","میں نے یہ فلور کلینر استعمال کیا اور صفائی کے بعد فرش کافی تازہ محسوس ہوا۔ لیونڈر کی خوشبو بھی اچھی ہے۔ روزمرہ صفائی کے لیے مناسب ہے۔",true,2026-08-27T13:50:15.302Z
1-bottle,5,"Shahzaib Ali Qureshi","Refreshing Lavender Fragrance","کمرے میں استعمال کیا، صفائی آسان رہی اور لیونڈر کی خوشبو اچھی لگی۔ مجموعی طور پر تجربہ اچھا رہا۔ دوبارہ استعمال کروں گا۔",true,2026-08-27T14:26:23.996Z
1-bottle,5,"Irfan Zubair Aslam","Refreshing Lavender Fragrance","لیونڈر کی خوشبو نرم اور خوشگوار ہے۔ فرش صاف کرنے کے بعد کمرے میں بھی تازگی محسوس ہوتی ہے۔ ابھی تک تجربہ اچھا رہا۔",true,2026-08-26T14:12:09.685Z
1-bottle,4,"Shahzaib Amin Siddiqui","Pleasant Lavender Scent","خوشبو توقع سے بہتر لگی۔ فرش دھونے کے بعد کافی دیر تک تازگی محسوس ہوئی۔ خوشبو سب سے زیادہ پسند آئی۔",true,2026-08-24T14:13:19.855Z
3-bottles,5,"Hassan Rehan Mirza","Refreshing Lavender Fragrance","روزمرہ فرش کی صفائی کے لیے استعمال کیا۔ فرش صاف محسوس ہوا اور خوشبو بھی پسند آئی۔ خوشبو سب سے زیادہ پسند آئی۔ 4.8 دوبارہ استعمال کروں گا۔",true,2026-08-26T14:36:54.882Z
3-bottles,5,"Sana Rehan Nawaz","Refreshing Lavender Fragrance","روزمرہ فرش کی صفائی کے لیے استعمال کیا۔ فرش صاف محسوس ہوا اور خوشبو بھی پسند آئی۔ خوشبو سب سے زیادہ پسند آئی۔ 4.5 مجموعی طور پر اچھا لگا۔",true,2026-08-25T14:15:12.761Z
3-bottles,5,"Rafay Raza Mirza","Refreshing Lavender Fragrance","خوشبو توقع سے بہتر لگی۔ فرش دھونے کے بعد کافی دیر تک تازگی محسوس ہوئی۔ ابھی تک تجربہ اچھا رہا۔",true,2026-08-25T14:06:27.306Z
5-bottles,5,"Daniyal Ahmed Malik","Refreshing Lavender Fragrance","خوشبو توقع سے بہتر لگی۔ فرش دھونے کے بعد کافی دیر تک تازگی محسوس ہوئی۔ روزمرہ صفائی کے لیے مناسب ہے۔",true,2026-08-24T14:19:00.164Z
5-bottles,4,"Sidra Hadi Baig","Pleasant Lavender Scent","خوشبو توقع سے بہتر لگی۔ فرش دھونے کے بعد کافی دیر تک تازگی محسوس ہوئی۔ ابھی تک تجربہ اچھا رہا۔ 4 روزمرہ صفائی کے لیے مناسب ہے۔",false,2026-08-25T14:21:39.864Z
1-bottle,5,"Danish Raza Farooq","Refreshing Lavender Fragrance","لیونڈر کی خوشبو نرم اور خوشگوار ہے۔ فرش صاف کرنے کے بعد کمرے میں بھی تازگی محسوس ہوتی ہے۔ دوبارہ استعمال کروں گا۔",true,2026-08-25T14:05:30.855Z
1-bottle,5,"Saira Rehan Butt","Refreshing Lavender Fragrance","خوشبو توقع سے بہتر لگی۔ فرش دھونے کے بعد کافی دیر تک تازگی محسوس ہوئی۔ مجموعی طور پر اچھا لگا۔",true,2026-08-26T13:52:49.422Z
1-bottle,5,"Waleed Adil Saeed","Refreshing Lavender Fragrance","کمرے میں استعمال کیا، صفائی آسان رہی اور لیونڈر کی خوشبو اچھی لگی۔ مجموعی طور پر تجربہ اچھا رہا۔ دوبارہ استعمال کروں گا۔ ابھی تک تجربہ اچھا رہا۔",true,2026-08-24T13:41:24.742Z
1-bottle,5,"Eman Hassan Hussain","Refreshing Lavender Fragrance","خوشبو توقع سے بہتر لگی۔ فرش دھونے کے بعد کافی دیر تک تازگی محسوس ہوئی۔ ابھی تک تجربہ اچھا رہا۔ 4.5 خوشبو سب سے زیادہ پسند آئی۔",true,2026-08-25T14:33:53.304Z
1-bottle,5,"Rafay Shayan Saeed","Refreshing Lavender Fragrance","خوشبو توقع سے بہتر لگی۔ فرش دھونے کے بعد کافی دیر تک تازگی محسوس ہوئی۔ ابھی تک تجربہ اچھا رہا۔ 4.5 مجموعی طور پر اچھا لگا۔",true,2026-08-24T13:49:59.506Z
3-bottles,5,"Bilal Ali Baig","Refreshing Lavender Fragrance","لیونڈر کی خوشبو نرم اور خوشگوار ہے۔ فرش صاف کرنے کے بعد کمرے میں بھی تازگی محسوس ہوتی ہے۔ مجموعی طور پر اچھا لگا۔ 3.9 خوشبو سب سے زیادہ پسند آئی۔",true,2026-08-25T14:16:35.688Z
3-bottles,5,"Saba Ali Baig","Refreshing Lavender Fragrance","لیونڈر کی خوشبو نرم اور خوشگوار ہے۔ فرش صاف کرنے کے بعد کمرے میں بھی تازگی محسوس ہوتی ہے۔ خوشبو سب سے زیادہ پسند آئی۔",true,2026-08-24T13:47:29.364Z
3-bottles,5,"Muneeb Raza Nawaz","Refreshing Lavender Fragrance","روزمرہ فرش کی صفائی کے لیے استعمال کیا۔ فرش صاف محسوس ہوا اور خوشبو بھی پسند آئی۔ روزمرہ صفائی کے لیے مناسب ہے۔",true,2026-08-26T13:51:42.210Z
5-bottles,5,"Rayan Raza Hussain","Refreshing Lavender Fragrance","میں نے یہ فلور کلینر استعمال کیا اور صفائی کے بعد فرش کافی تازہ محسوس ہوا۔ لیونڈر کی خوشبو بھی اچھی ہے۔ دوبارہ استعمال کروں گا۔",true,2026-08-25T13:44:59.593Z
5-bottles,4,"Usman Hassan Aslam","Pleasant Lavender Scent","لیونڈر کی خوشبو نرم اور خوشگوار ہے۔ فرش صاف کرنے کے بعد کمرے میں بھی تازگی محسوس ہوتی ہے۔ خوشبو سب سے زیادہ پسند آئی۔ مجموعی طور پر اچھا لگا۔",true,2026-08-26T14:12:52.151Z
1-bottle,5,"Sana Umar Akhtar","Refreshing Lavender Fragrance","The lavender fragrance is nice and soft. I used it in the lounge and the floor looked clean after mopping. Worth trying for regular cleaning.",true,2026-08-25T13:56:16.719Z
1-bottle,5,"Hiba Kamil Iqbal","Refreshing Lavender Fragrance","Lounge mein try kiya, floor saaf laga aur fragrance bhi achi thi. Overall acha product laga mujhe. Abhi tak acha experience raha.",true,2026-08-23T14:22:00.283Z
1-bottle,5,"Areeb Faisal Baig","Refreshing Lavender Fragrance","Pretty good for everyday cleaning. The fragrance is pleasant and the one liter bottle is easy to handle. Pretty decent overall.",false,2026-08-23T14:16:49.099Z
1-bottle,4,"Rabia Faisal Iqbal","Pleasant Lavender Scent","Khushboo expected se achi nikli. Mop ke baad floor fresh fresh feel hota hai aur use karna bhi easy hai. Dobara use karunga.",false,2026-08-24T14:13:08.340Z
1-bottle,5,"Rehan Adil Javed","Refreshing Lavender Fragrance","The lavender fragrance is nice and soft. I used it in the lounge and the floor looked clean after mopping. Worth trying for regular cleaning. 4 Good for routine mopping.",true,2026-08-23T14:06:21.493Z
3-bottles,5,"Asad Hassan Baig","Refreshing Lavender Fragrance","Lavender ki fragrance mujhe pasand aayi. Floor clean feel hota hai aur room mein bhi fresh smell rehti hai. Daily safai ke liye sahi hai.",true,2026-08-25T13:49:32.996Z
3-bottles,5,"Irfan Kamil Nawaz","Refreshing Lavender Fragrance","Used Eco Galaxy Flooring Floor Cleaner today and the floor felt fresh after mopping. The lavender fragrance is pleasant and not too strong. Good for routine mopping.",true,2026-08-25T13:57:40.937Z
3-bottles,5,"Aariz Ayan Khan","Refreshing Lavender Fragrance","Lavender ki fragrance mujhe pasand aayi. Floor clean feel hota hai aur room mein bhi fresh smell rehti hai. Dobara use karunga.",true,2026-08-24T14:18:46.508Z
5-bottles,5,"Zara Noor Raza","Refreshing Lavender Fragrance","Good for normal floor cleaning. The smell stays for a while and gives the room a fresh feeling. Worth trying for regular cleaning.",true,2026-08-24T14:19:41.977Z
5-bottles,5,"Farhan Taimur Butt","Refreshing Lavender Fragrance","Lounge mein try kiya, floor saaf laga aur fragrance bhi achi thi. Overall acha product laga mujhe. Dobara use karunga.",true,2026-08-25T14:31:02.665Z
1-bottle,5,"Mariam Naveed Javed","Refreshing Lavender Fragrance","Pretty good for everyday cleaning. The fragrance is pleasant and the one liter bottle is easy to handle. Would use it again.",true,2026-08-24T14:03:54.701Z
1-bottle,5,"Mehwish Hassan Malik","Refreshing Lavender Fragrance","Rozana floor safai ke liye use kiya. Mopping easy rahi aur lavender wali khushboo kaafi pleasant hai. Fragrance sab se achi lagi.",true,2026-08-25T14:35:05.138Z
1-bottle,5,"Omer Hadi Mirza","Refreshing Lavender Fragrance","Good for normal floor cleaning. The smell stays for a while and gives the room a fresh feeling. Would use it again.",true,2026-08-25T13:38:02.435Z
1-bottle,5,"Hania Noor Qureshi","Refreshing Lavender Fragrance","Lounge mein try kiya, floor saaf laga aur fragrance bhi achi thi. Overall acha product laga mujhe. Fragrance sab se achi lagi.",false,2026-08-25T14:32:12.465Z
1-bottle,5,"Noor Kamil Qureshi","Refreshing Lavender Fragrance","The lavender fragrance is nice and soft. I used it in the lounge and the floor looked clean after mopping. Worth trying for regular cleaning. 4 Would use it again.",true,2026-08-23T14:11:42.766Z
3-bottles,5,"Saira Sami Farooq","Refreshing Lavender Fragrance","Eco Galaxy Flooring Floor Cleaner use kiya aur mop ke baad floor kaafi fresh feel hua. Lavender ki khushboo achi hai aur bohat tez nahi. Dobara use karunga.",true,2026-08-25T14:08:05.825Z
3-bottles,5,"Arsalan Ayan Saeed","Refreshing Lavender Fragrance","I liked the lavender scent more than I expected. Cleaning was easy and the floor felt fresh afterward. Good for routine mopping.",true,2026-08-25T14:31:33.454Z
3-bottles,5,"Faris Hadi Javed","Refreshing Lavender Fragrance","Lounge mein try kiya, floor saaf laga aur fragrance bhi achi thi. Overall acha product laga mujhe. Daily safai ke liye sahi hai.",true,2026-08-24T14:34:33.161Z
5-bottles,5,"Sadia Adil Farooq","Refreshing Lavender Fragrance","The lavender fragrance is nice and soft. I used it in the lounge and the floor looked clean after mopping. Worth trying for regular cleaning.",true,2026-08-22T13:58:35.408Z
5-bottles,5,"Maryam Amin Javed","Refreshing Lavender Fragrance","Lounge mein try kiya, floor saaf laga aur fragrance bhi achi thi. Overall acha product laga mujhe. Dobara use karunga.",true,2026-08-24T13:40:07.573Z
1-bottle,5,"Ehtisham Zubair Iqbal","Refreshing Lavender Fragrance","Used Eco Galaxy Flooring Floor Cleaner today and the floor felt fresh after mopping. The lavender fragrance is pleasant and not too strong. Worth trying for regular cleaning.",true,2026-08-22T14:15:25.381Z
1-bottle,5,"Omer Amin Khan","Refreshing Lavender Fragrance","Lavender ki fragrance mujhe pasand aayi. Floor clean feel hota hai aur room mein bhi fresh smell rehti hai. Fragrance sab se achi lagi.",true,2026-08-22T14:05:02.392Z
1-bottle,5,"Noor Taimur Farooq","Refreshing Lavender Fragrance","Pretty good for everyday cleaning. The fragrance is pleasant and the one liter bottle is easy to handle. Good for routine mopping.",true,2026-08-23T14:30:19.833Z
1-bottle,4,"Mehwish Adil Baig","Pleasant Lavender Scent","Eco Galaxy Flooring Floor Cleaner use kiya aur mop ke baad floor kaafi fresh feel hua. Lavender ki khushboo achi hai aur bohat tez nahi. Overall theek laga.",true,2026-08-24T14:09:37.673Z
1-bottle,5,"Areeb Zubair Saeed","Refreshing Lavender Fragrance","Good for normal floor cleaning. The smell stays for a while and gives the room a fresh feeling. Pretty decent overall.",true,2026-08-23T13:45:23.859Z
3-bottles,5,"Hassan Ayan Sheikh","Refreshing Lavender Fragrance","Khushboo expected se achi nikli. Mop ke baad floor fresh fresh feel hota hai aur use karna bhi easy hai. Fragrance sab se achi lagi.",true,2026-08-22T13:49:57.381Z
3-bottles,5,"Rehan Raza Chaudhry","Refreshing Lavender Fragrance","I liked the lavender scent more than I expected. Cleaning was easy and the floor felt fresh afterward. Good for routine mopping.",true,2026-08-23T13:45:55.425Z
3-bottles,5,"Sidra Naveed Hashmi","Refreshing Lavender Fragrance","Rozana floor safai ke liye use kiya. Mopping easy rahi aur lavender wali khushboo kaafi pleasant hai. Fragrance sab se achi lagi.",true,2026-08-22T14:13:00.960Z
5-bottles,5,"Ayesha Ali Iqbal","Refreshing Lavender Fragrance","I liked the lavender scent more than I expected. Cleaning was easy and the floor felt fresh afterward. Would use it again.",true,2026-08-22T14:22:36.476Z
5-bottles,5,"Hania Ayan Malik","Refreshing Lavender Fragrance","Khushboo expected se achi nikli. Mop ke baad floor fresh fresh feel hota hai aur use karna bhi easy hai. Overall theek laga.",true,2026-08-22T14:24:23.766Z
1-bottle,5,"Sameer Taimur Javed","Refreshing Lavender Fragrance","The lavender fragrance is nice and soft. I used it in the lounge and the floor looked clean after mopping. Worth trying for regular cleaning.",true,2026-08-22T14:01:55.984Z
1-bottle,4,"Eesa Rehan Khan","Pleasant Lavender Scent","Eco Galaxy Flooring Floor Cleaner use kiya aur mop ke baad floor kaafi fresh feel hua. Lavender ki khushboo achi hai aur bohat tez nahi. Abhi tak acha experience raha.",true,2026-08-24T14:21:13.811Z
1-bottle,5,"Ibrahim Shayan Chaudhry","Refreshing Lavender Fragrance","I liked the lavender scent more than I expected. Cleaning was easy and the floor felt fresh afterward. Would use it again.",true,2026-08-24T13:58:07.729Z
1-bottle,5,"Omer Zubair Aslam","Refreshing Lavender Fragrance","Rozana floor safai ke liye use kiya. Mopping easy rahi aur lavender wali khushboo kaafi pleasant hai. Dobara use karunga.",true,2026-08-22T14:36:26.497Z
1-bottle,5,"Zain Amin Raza","Refreshing Lavender Fragrance","The lavender fragrance is nice and soft. I used it in the lounge and the floor looked clean after mopping. Would use it again.",true,2026-08-23T14:10:36.156Z
3-bottles,5,"Ahsan Sami Javed","Refreshing Lavender Fragrance","Khushboo expected se achi nikli. Mop ke baad floor fresh fresh feel hota hai aur use karna bhi easy hai. Daily safai ke liye sahi hai.",true,2026-08-22T14:07:38.874Z
3-bottles,5,"Areeba Kamil Butt","Refreshing Lavender Fragrance","The lavender fragrance is nice and soft. I used it in the lounge and the floor looked clean after mopping. Worth trying for regular cleaning.",true,2026-08-21T13:51:21.853Z
3-bottles,5,"Laiba Ibrahim Khan","Refreshing Lavender Fragrance","Lavender ki fragrance mujhe pasand aayi. Floor clean feel hota hai aur room mein بھی fresh smell rehti hai. Overall theek laga.",true,2026-08-22T14:04:10.591Z
5-bottles,5,"Ali Faisal Raza","Refreshing Lavender Fragrance","The lavender fragrance is nice and soft. I used it in the lounge and the floor looked clean after mopping. Pretty decent overall.",true,2026-08-23T14:34:01.629Z
5-bottles,5,"Nimra Ali Hussain","Refreshing Lavender Fragrance","Eco Galaxy Flooring Floor Cleaner use kiya aur mop ke baad floor kaafi fresh feel hua. Lavender ki khushboo achi hai aur bohat tez nahi. Overall theek laga. Daily safai ke liye sahi hai.",true,2026-08-22T14:27:09.381Z
1-bottle,4,"Eesa Ibrahim Raza","Pleasant Lavender Scent","Good for normal floor cleaning. The smell stays for a while and gives the room a fresh feeling. Good for routine mopping.",true,2026-08-21T13:55:11.162Z
1-bottle,5,"Sidra Shayan Rashid","Refreshing Lavender Fragrance","Khushboo expected se achi nikli. Mop ke baad floor fresh fresh feel hota hai aur use karna bhi easy hai. Abhi tak acha experience raha.",true,2026-08-21T13:54:22.247Z
1-bottle,5,"Areeb Zubair Iqbal","Refreshing Lavender Fragrance","Pretty good for everyday cleaning. The fragrance is pleasant and the one liter bottle is easy to handle. I liked the fragrance most.",true,2026-08-21T13:49:38.628Z
1-bottle,5,"Kashif Faisal Farooq","Refreshing Lavender Fragrance","Lounge mein try kiya, floor saaf laga aur fragrance bhi achi thi. Overall acha product laga mujhe. Dobara use karunga. 3.9 Dobara use karunga.",true,2026-08-23T14:25:15.961Z
1-bottle,4,"Rehan Kamil Hussain","Pleasant Lavender Scent","Good for normal floor cleaning. The smell stays for a while and gives the room a fresh feeling. Good for routine mopping.",true,2026-08-22T14:02:17.879Z
3-bottles,5,"Ibrahim Ibrahim Chaudhry","Refreshing Lavender Fragrance","Eco Galaxy Flooring Floor Cleaner use kiya aur mop ke baad floor kaafi fresh feel hua. Lavender ki khushboo achi hai aur bohat tez nahi. Abhi tak acha experience raha. 4.8 Abhi tak acha experience raha.",true,2026-08-21T13:51:23.948Z
3-bottles,5,"Ayaan Faisal Baig","Refreshing Lavender Fragrance","I liked the lavender scent more than I expected. Cleaning was easy and the floor felt fresh afterward. Pretty decent overall.",true,2026-08-21T14:33:20.884Z
3-bottles,5,"Yasir Taimur Javed","Refreshing Lavender Fragrance","Eco Galaxy Flooring Floor Cleaner use kiya aur mop ke baad floor kaafi fresh feel hua. Lavender ki khushboo achi hai aur bohat tez nahi. Dobara use karunga.",true,2026-08-21T14:33:30.273Z
5-bottles,5,"Ahmed Raza Hussain","Refreshing Lavender Fragrance","Good for normal floor cleaning. The smell stays for a while and gives the room a fresh feeling. Worth trying for regular cleaning.",true,2026-08-23T14:33:25.226Z
5-bottles,5,"Ehtisham Ahmed Javed","Refreshing Lavender Fragrance","Rozana floor safai ke liye use kiya. Mopping easy rahi aur lavender wali khushboo kaafi pleasant hai. Abhi tak acha experience raha.",true,2026-08-22T13:52:14.471Z
1-bottle,5,"Rehan Rehan Siddiqui","Refreshing Lavender Fragrance","I liked the lavender scent more than I expected. Cleaning was easy and the floor felt fresh afterward. I liked the fragrance most.",false,2026-08-20T13:56:32.999Z
1-bottle,5,"Zainab Rehan Sheikh","Refreshing Lavender Fragrance","Rozana floor safai ke liye use kiya. Mopping easy rahi aur lavender wali khushboo kaafi pleasant hai. Fragrance sab se achi lagi.",true,2026-08-22T13:46:49.921Z
1-bottle,5,"Saba Rehan Nawaz","Refreshing Lavender Fragrance","Good for normal floor cleaning. The smell stays for a while and gives the room a fresh feeling. Would use it again.",true,2026-08-21T14:18:33.239Z
1-bottle,5,"Mariam Rehan Rashid","Refreshing Lavender Fragrance","Khushboo expected se achi nikli. Mop ke baad floor fresh fresh feel hota hai aur use karna bhi easy hai. Fragrance sab se achi lagi.",true,2026-08-20T14:37:11.225Z
1-bottle,5,"Rayan Noor Siddiqui","Refreshing Lavender Fragrance","Good for normal floor cleaning. The smell stays for a while and gives the room a fresh feeling. Good for routine mopping.",true,2026-08-21T14:10:54.961Z
3-bottles,5,"Sarah Zubair Siddiqui","Refreshing Lavender Fragrance","Lavender ki fragrance mujhe pasand aayi. Floor clean feel hota hai aur room mein بھی fresh smell rehti hai. Daily safai ke liye sahi hai.",true,2026-08-21T14:04:38.901Z
3-bottles,5,"Adnan Ahmed Rashid","Refreshing Lavender Fragrance","Good for normal floor cleaning. The smell stays for a while and gives the room a fresh feeling. I liked the fragrance most.",true,2026-08-22T13:38:11.729Z
3-bottles,5,"Arham Ibrahim Siddiqui","Refreshing Lavender Fragrance","Khushboo expected se achi nikli. Mop ke baad floor fresh fresh feel hota hai aur use karna bhi easy hai. Fragrance sab se achi lagi.",true,2026-08-20T13:42:56.991Z
5-bottles,4,"Maham Shayan Aslam","Pleasant Lavender Scent","Pretty good for everyday cleaning. The fragrance is pleasant and the one liter bottle is easy to handle. Worth trying for regular cleaning.",true,2026-08-21T13:56:17.005Z
5-bottles,4,"Rabia Raza Hashmi","Pleasant Lavender Scent","Lounge mein try kiya, floor saaf laga aur fragrance bhi achi thi. Overall acha product laga mujhe. Fragrance sab se achi lagi.",true,2026-08-22T14:31:54.874Z
1-bottle,5,"Yasir Hassan Siddiqui","Refreshing Lavender Fragrance","I liked the lavender scent more than I expected. Cleaning was easy and the floor felt fresh afterward. Would use it again. 3.5 I liked the fragrance most.",true,2026-08-21T13:56:32.459Z
1-bottle,5,"Talha Rehan Farooq","Refreshing Lavender Fragrance","Lavender ki fragrance mujhe pasand aayi. Floor clean feel hota hai aur room mein بھی fresh smell rehti hai. Fragrance sab se achi lagi.",true,2026-08-20T14:08:00.356Z
1-bottle,5,"Osama Hadi Hussain","Refreshing Lavender Fragrance","The lavender fragrance is nice and soft. I used it in the lounge and the floor looked clean after mopping. Would use it again.",true,2026-08-21T13:59:14.479Z
1-bottle,5,"Mehwish Kashan Chaudhry","Refreshing Lavender Fragrance","Eco Galaxy Flooring Floor Cleaner use kiya aur mop ke baad floor kaafi fresh feel hua. Lavender ki khushboo achi hai aur bohat tez nahi. Daily safai ke liye sahi hai.",true,2026-08-21T14:31:21.331Z
1-bottle,5,"Eesa Adil Hashmi","Refreshing Lavender Fragrance","Pretty good for everyday cleaning. The fragrance is pleasant and the one liter bottle is easy to handle. Worth trying for regular cleaning.",true,2026-08-20T14:14:03.921Z
3-bottles,4,"Bilal Ayan Iqbal","Pleasant Lavender Scent","Khushboo expected se achi nikli. Mop ke baad floor fresh fresh feel hota hai aur use karna bhi easy hai. Daily safai ke liye sahi hai.",true,2026-08-21T13:47:01.505Z
3-bottles,5,"Hiba Raza Mirza","Refreshing Lavender Fragrance","Good for normal floor cleaning. The smell stays for a while and gives the room a fresh feeling. Pretty decent overall.",true,2026-08-22T13:56:15.918Z
3-bottles,5,"Shahzaib Hadi Javed","Refreshing Lavender Fragrance","Lounge mein try kiya, floor saaf laga aur fragrance bhi achi thi. Overall acha product laga mujhe. Daily safai ke liye sahi hai.",true,2026-08-20T14:29:07.265Z
5-bottles,5,"Osama Umar Butt","Refreshing Lavender Fragrance","Pretty good for everyday cleaning. The fragrance is pleasant and the one liter bottle is easy to handle. Worth trying for regular cleaning.",true,2026-08-21T14:09:40.809Z
5-bottles,5,"Noor Zubair Akhtar","Refreshing Lavender Fragrance","Lounge mein try kiya, floor saaf laga aur fragrance bhi achi thi. Overall acha product laga mujhe. Daily safai ke liye sahi hai.",true,2026-08-19T13:58:16.904Z
1-bottle,4,"Daniyal Faisal Qureshi","Pleasant Lavender Scent","I liked the lavender scent more than I expected. Cleaning was easy and the floor felt fresh afterward. Worth trying for regular cleaning.",true,2026-08-19T14:07:06.793Z
1-bottle,5,"Sarah Kashan Siddiqui","Refreshing Lavender Fragrance","Khushboo expected se achi nikli. Mop ke baad floor fresh fresh feel hota hai aur use karna bhi easy hai. Dobara use karunga.",true,2026-08-19T14:01:50.150Z
1-bottle,4,"Zainab Noor Mirza","Pleasant Lavender Scent","Used Eco Galaxy Flooring Floor Cleaner today and the floor felt fresh after mopping. The lavender fragrance is pleasant and not too strong. Good for routine mopping.",true,2026-08-21T13:45:44.623Z
1-bottle,5,"Adeel Sami Chaudhry","Refreshing Lavender Fragrance","Khushboo expected se achi nikli. Mop ke baad floor fresh fresh feel hota hai aur use karna bhi easy hai. Overall theek laga.",true,2026-08-19T14:09:19.960Z
1-bottle,5,"Hassan Ali Hussain","Refreshing Lavender Fragrance","Used Eco Galaxy Flooring Floor Cleaner today and the floor felt fresh after mopping. The lavender fragrance is pleasant and not too strong. Worth trying for regular cleaning.",true,2026-08-21T13:51:54.477Z
3-bottles,5,"Mustafa Kashan Chaudhry","Refreshing Lavender Fragrance","Eco Galaxy Flooring Floor Cleaner use kiya aur mop ke baad floor kaafi fresh feel hua. Lavender ki khushboo achi hai aur bohat tez nahi. Overall theek laga.",true,2026-08-20T14:18:21.926Z
3-bottles,5,"Rabia Faisal Rashid","Refreshing Lavender Fragrance","The lavender fragrance is nice and soft. I used it in the lounge and the floor looked clean after mopping. Pretty decent overall.",true,2026-08-19T13:54:16.554Z
3-bottles,5,"Areeba Umar Malik","Refreshing Lavender Fragrance","Rozana floor safai ke liye use kiya. Mopping easy rahi aur lavender wali khushboo kaafi pleasant hai. Daily safai ke liye sahi hai.",true,2026-08-20T14:17:38.508Z
5-bottles,5,"Ayaan Kamil Mirza","Refreshing Lavender Fragrance","I liked the lavender scent more than I expected. Cleaning was easy and the floor felt fresh afterward. Would use it again. 3.5 Pretty decent overall.",true,2026-08-21T13:46:39.269Z
5-bottles,5,"Shahzaib Faisal Qureshi","Refreshing Lavender Fragrance","Lounge mein try kiya, floor saaf laga aur fragrance bhi achi thi. Overall acha product laga mujhe. Fragrance sab se achi lagi.",true,2026-08-21T13:42:10.373Z
1-bottle,5,"Irfan Naveed Qureshi","Refreshing Lavender Fragrance","Good for normal floor cleaning. The smell stays for a while and gives the room a fresh feeling. Would use it again.",true,2026-08-21T14:36:17.464Z
1-bottle,5,"Hania Hassan Javed","Refreshing Lavender Fragrance","Eco Galaxy Flooring Floor Cleaner use kiya aur mop ke baad floor kaafi fresh feel hua. Lavender ki khushboo achi hai aur bohat tez nahi. Abhi tak acha experience raha.",true,2026-08-19T14:17:12.118Z
1-bottle,4,"Mustafa Adil Chaudhry","Pleasant Lavender Scent","I liked the lavender scent more than I expected. Cleaning was easy and the floor felt fresh afterward. Good for routine mopping.",true,2026-08-19T14:19:42.582Z
1-bottle,5,"Hassan Umar Javed","Refreshing Lavender Fragrance","Khushboo expected se achi nikli. Mop ke baad floor fresh fresh feel hota hai aur use karna bhi easy hai. Fragrance sab se achi lagi.",true,2026-08-19T14:04:34.237Z
1-bottle,5,"Sameer Zubair Akhtar","Refreshing Lavender Fragrance","Used Eco Galaxy Flooring Floor Cleaner today and the floor felt fresh after mopping. The lavender fragrance is pleasant and not too strong. Would use it again.",true,2026-08-18T13:53:23.389Z
3-bottles,5,"Sufyan Kashan Iqbal","Refreshing Lavender Fragrance","Lavender ki fragrance mujhe pasand aayi. Floor clean feel hota hai aur room mein بھی fresh smell rehti hai. Abhi tak acha experience raha.",true,2026-08-18T13:56:37.862Z
3-bottles,5,"Adnan Kamil Baig","Refreshing Lavender Fragrance","Used Eco Galaxy Flooring Floor Cleaner today and the floor felt fresh after mopping. The lavender fragrance is pleasant and not too strong. Good for routine mopping. Would use it again.",true,2026-08-18T13:55:57.243Z
3-bottles,5,"Hiba Hassan Butt","Refreshing Lavender Fragrance","Eco Galaxy Flooring Floor Cleaner use kiya aur mop ke baad floor kaafi fresh feel hua. Lavender ki khushboo achi hai aur bohat tez nahi. Fragrance sab se achi lagi.",true,2026-08-20T14:21:05.307Z
5-bottles,5,"Ehtisham Ibrahim Hussain","Refreshing Lavender Fragrance","Used Eco Galaxy Flooring Floor Cleaner today and the floor felt fresh after mopping. The lavender fragrance is pleasant and not too strong. Worth trying for regular cleaning.",true,2026-08-19T13:47:59.988Z
5-bottles,5,"Osama Umar Malik","Refreshing Lavender Fragrance","Khushboo expected se achi nikli. Mop ke baad floor fresh fresh feel hota hai aur use karna bhi easy hai. Dobara use karunga.",true,2026-08-18T14:24:45.914Z
1-bottle,5,"Rabia Taimur Hashmi","Refreshing Lavender Fragrance","Used Eco Galaxy Flooring Floor Cleaner today and the floor felt fresh after mopping. The lavender fragrance is pleasant and not too strong. Good for routine mopping.",true,2026-08-20T14:05:59.870Z
1-bottle,5,"Irfan Faisal Siddiqui","Refreshing Lavender Fragrance","Lavender ki fragrance mujhe pasand aayi. Floor clean feel hota hai aur room mein بھی fresh smell rehti hai. Abhi tak acha experience raha.",true,2026-08-19T13:47:16.054Z
1-bottle,5,"Sarah Naveed Qureshi","Refreshing Lavender Fragrance","I liked the lavender scent more than I expected. Cleaning was easy and the floor felt fresh afterward. Would use it again. 3.5 Would use it again.",true,2026-08-20T14:29:18.133Z
1-bottle,5,"Mustafa Amin Baig","Refreshing Lavender Fragrance","Rozana floor safai ke liye use kiya. Mopping easy rahi aur lavender wali khushboo kaafi pleasant hai. Abhi tak acha experience raha.",true,2026-08-20T14:04:45.348Z
1-bottle,5,"Asad Naveed Chaudhry","Refreshing Lavender Fragrance","The lavender fragrance is nice and soft. I used it in the lounge and the floor looked clean after mopping. Worth trying for regular cleaning. 4 Good for routine mopping.",true,2026-08-19T13:48:17.200Z
3-bottles,5,"Rayan Adil Raza","Refreshing Lavender Fragrance","Khushboo expected se achi nikli. Mop ke baad floor fresh fresh feel hota hai aur use karna bhi easy hai. Dobara use karunga. Dobara use karunga.",true,2026-08-18T13:54:39.519Z
3-bottles,5,"Maryam Faisal Siddiqui","Refreshing Lavender Fragrance","Pretty good for everyday cleaning. The fragrance is pleasant and the one liter bottle is easy to handle. Worth trying for regular cleaning.",true,2026-08-20T14:34:42.853Z
3-bottles,5,"Fatima Ahmed Khan","Refreshing Lavender Fragrance","Khushboo expected se achi nikli. Mop ke baad floor fresh fresh feel hota hai aur use karna bhi easy hai. Fragrance sab se achi lagi. 3.9 Daily safai ke liye sahi hai.",true,2026-08-20T14:04:18.143Z
5-bottles,4,"Fahad Ali Rashid","Pleasant Lavender Scent","Used Eco Galaxy Flooring Floor Cleaner today and the floor felt fresh after mopping. The lavender fragrance is pleasant and not too strong. Would use it again. 3.5 Worth trying for regular cleaning.",true,2026-08-20T14:09:16.179Z
5-bottles,5,"Sadia Rehan Hussain","Refreshing Lavender Fragrance","Eco Galaxy Flooring Floor Cleaner use kiya aur mop ke baad floor kaafi fresh feel hua. Lavender ki khushboo achi hai aur bohat tez nahi. Overall theek laga.",true,2026-08-20T14:04:30.039Z
1-bottle,4,"Noman Kashan Farooq","Pleasant Lavender Scent","The lavender fragrance is nice and soft. I used it in the lounge and the floor looked clean after mopping. Good for routine mopping.",true,2026-08-19T13:43:16.719Z
1-bottle,5,"Ashar Kashan Iqbal","Refreshing Lavender Fragrance","Khushboo expected se achi nikli. Mop ke baad floor fresh fresh feel hota hai aur use karna bhi easy hai. Daily safai ke liye sahi hai.",true,2026-08-17T13:45:53.625Z
1-bottle,4,"Rafay Rehan Akhtar","Pleasant Lavender Scent","Pretty good for everyday cleaning. The fragrance is pleasant and the one liter bottle is easy to handle. Good for routine mopping.",false,2026-08-18T14:18:45.513Z
1-bottle,5,"Zainab Raza Iqbal","Refreshing Lavender Fragrance","Eco Galaxy Flooring Floor Cleaner use kiya aur mop ke baad floor kaafi fresh feel hua. Lavender ki khushboo achi hai aur bohat tez nahi. Abhi tak acha experience raha.",true,2026-08-18T14:19:18.751Z
1-bottle,5,"Ibrahim Taimur Butt","Refreshing Lavender Fragrance","Pretty good for everyday cleaning. The fragrance is pleasant and the one liter bottle is easy to handle. Would use it again.",false,2026-08-18T14:22:47.854Z
3-bottles,5,"Shahzaib Raza Sheikh","Refreshing Lavender Fragrance","Khushboo expected se achi nikli. Mop ke baad floor fresh fresh feel hota hai aur use karna bhi easy hai. Fragrance sab se achi lagi. 3.9 Daily safai ke liye sahi hai.",true,2026-08-19T14:27:24.623Z
3-bottles,5,"Maham Ayan Mirza","Refreshing Lavender Fragrance","Good for normal floor cleaning. The smell stays for a while and gives the room a fresh feeling. I liked the fragrance most.",true,2026-08-17T14:16:52.100Z
3-bottles,5,"Irfan Raza Sheikh","Refreshing Lavender Fragrance","Lavender ki fragrance mujhe pasand aayi. Floor clean feel hota hai aur room mein بھی fresh smell rehti hai. Fragrance sab se achi lagi.",true,2026-08-19T14:34:33.868Z
5-bottles,4,"Sameer Ali Iqbal","Pleasant Lavender Scent","Pretty good for everyday cleaning. The fragrance is pleasant and the one liter bottle is easy to handle. I liked the fragrance most.",true,2026-08-18T14:11:11.780Z
5-bottles,5,"Mahnoor Hassan Saeed","Refreshing Lavender Fragrance","Khushboo expected se achi nikli. Mop ke baad floor fresh fresh feel hota hai aur use karna bhi easy hai. Fragrance sab se achi lagi. 3.5 Fragrance sab se achi lagi.",false,2026-08-17T13:50:07.329Z
1-bottle,5,"Farhan Hassan Akhtar","Refreshing Lavender Fragrance","Good for normal floor cleaning. The smell stays for a while and gives the room a fresh feeling. Good for routine mopping. 3 Worth trying for regular cleaning.",true,2026-08-18T14:05:14.327Z
1-bottle,5,"Sameer Ibrahim Hussain","Refreshing Lavender Fragrance","Rozana floor safai ke liye use kiya. Mopping easy rahi aur lavender wali khushboo kaafi pleasant hai. Daily safai ke liye sahi hai.",true,2026-08-19T14:10:26.239Z
1-bottle,5,"Eman Naveed Butt","Refreshing Lavender Fragrance","I liked the lavender scent more than I expected. Cleaning was easy and the floor felt fresh afterward. Good for routine mopping.",true,2026-08-19T13:57:48.831Z
1-bottle,5,"Zeeshan Hassan Farooq","Refreshing Lavender Fragrance","Lavender ki fragrance mujhe pasand aayi. Floor clean feel hota hai aur room mein بھی fresh smell rehti hai. Daily safai ke liye sahi hai. Abhi tak acha experience raha.",true,2026-08-18T14:01:55.226Z
1-bottle,5,"Arham Kashan Khan","Refreshing Lavender Fragrance","Good for normal floor cleaning. The smell stays for a while and gives the room a fresh feeling. I liked the fragrance most.",true,2026-08-17T14:00:02.071Z
3-bottles,4,"Bilal Ayan Raza","Pleasant Lavender Scent","Khushboo expected se achi nikli. Mop ke baad floor fresh fresh feel hota hai aur use karna bhi easy hai. Abhi tak acha experience raha.",true,2026-08-19T14:35:01.049Z
3-bottles,5,"Mustafa Ahmed Aslam","Refreshing Lavender Fragrance","Used Eco Galaxy Flooring Floor Cleaner today and the floor felt fresh after mopping. The lavender fragrance is pleasant and not too strong. Good for routine mopping.",false,2026-08-18T13:46:37.412Z
3-bottles,5,"Hamza Shayan Mirza","Refreshing Lavender Fragrance","Eco Galaxy Flooring Floor Cleaner use kiya aur mop ke baad floor kaafi fresh feel hua. Lavender ki khushboo achi hai aur bohat tez nahi. Overall theek laga.",true,2026-08-16T14:21:14.219Z
5-bottles,5,"Zeeshan Umar Aslam","Refreshing Lavender Fragrance","I liked the lavender scent more than I expected. Cleaning was easy and the floor felt fresh afterward. I liked the fragrance most.",true,2026-08-17T14:03:13.168Z
5-bottles,5,"Yumna Naveed Hashmi","Refreshing Lavender Fragrance","Khushboo expected se achi nikli. Mop ke baad floor fresh fresh feel hota hai aur use karna bhi easy hai. Overall theek laga. 4.8 Dobara use karunga.",false,2026-08-17T14:32:03.686Z
1-bottle,5,"Saim Faisal Chaudhry","Refreshing Lavender Fragrance","Good for normal floor cleaning. The smell stays for a while and gives the room a fresh feeling. Pretty decent overall.",true,2026-08-18T14:06:57.538Z
1-bottle,5,"Sidra Adil Siddiqui","Refreshing Lavender Fragrance","Rozana floor safai ke liye use kiya. Mopping easy rahi aur lavender wali khushboo kaafi pleasant hai. Dobara use karunga.",true,2026-08-18T14:06:50.425Z
1-bottle,5,"Fahad Sami Qureshi","Refreshing Lavender Fragrance","Pretty good for everyday cleaning. The fragrance is pleasant and the one liter bottle is easy to handle. Pretty decent overall.",true,2026-08-18T13:38:45.605Z
1-bottle,5,"Hamza Shayan Butt","Refreshing Lavender Fragrance","Khushboo expected se achi nikli. Mop ke baad floor fresh fresh feel hota hai aur use karna بھی easy hai. Daily safai ke liye sahi hai. 4.8 Dobara use karunga.",true,2026-08-16T14:29:26.316Z
1-bottle,4,"Faris Taimur Qureshi","Pleasant Lavender Scent","Used Eco Galaxy Flooring Floor Cleaner today and the floor felt fresh after mopping. The lavender fragrance is pleasant and not too strong. Worth trying for regular cleaning.",true,2026-08-16T14:01:45.726Z
3-bottles,5,"Huzaifa Amin Baig","Refreshing Lavender Fragrance","Rozana floor safai ke liye use kiya. Mopping easy rahi aur lavender wali khushboo kaafi pleasant hai. Overall theek laga.",true,2026-08-16T13:40:04.020Z
3-bottles,5,"Jibran Shayan Khan","Refreshing Lavender Fragrance","Pretty good for everyday cleaning. The fragrance is pleasant and the one liter bottle is easy to handle. Pretty decent overall.",true,2026-08-18T13:44:50.578Z
3-bottles,5,"Eesa Amin Butt","Refreshing Lavender Fragrance","Lavender ki fragrance mujhe pasand aayi. Floor clean feel hota hai aur room mein بھی fresh smell rehti hai. Overall theek laga.",true,2026-08-17T13:55:04.462Z
5-bottles,5,"Eman Kamil Malik","Refreshing Lavender Fragrance","Pretty good for everyday cleaning. The fragrance is pleasant and the one liter bottle is easy to handle. Pretty decent overall.",true,2026-08-16T14:27:45.435Z
5-bottles,5,"Shoaib Taimur Javed","Refreshing Lavender Fragrance","Eco Galaxy Flooring Floor Cleaner use kiya aur mop ke baad floor kaafi fresh feel hua. Lavender ki khushboo achi hai aur bohat tez nahi. Fragrance sab se achi lagi. 3.5 Daily safai ke liye sahi hai.",true,2026-08-18T13:58:29.900Z
1-bottle,5,"Maham Sami Qureshi","Refreshing Lavender Fragrance","Good for normal floor cleaning. The smell stays for a while and gives the room a fresh feeling. Good for routine mopping.",true,2026-08-18T14:03:55.222Z
1-bottle,4,"Saim Noor Hashmi","Pleasant Lavender Scent","Lounge mein try kiya, floor saaf laga aur fragrance bhi achi thi. Overall acha product laga mujhe. Abhi tak acha experience raha.",true,2026-08-17T14:01:02.916Z
1-bottle,5,"Sonia Ayan Hussain","Refreshing Lavender Fragrance","I liked the lavender scent more than I expected. Cleaning was easy and the floor felt fresh afterward. Pretty decent overall.",true,2026-08-16T13:40:52.429Z
1-bottle,5,"Noor Kamil Nawaz","Refreshing Lavender Fragrance","Eco Galaxy Flooring Floor Cleaner use kiya aur mop ke baad floor kaafi fresh feel hua. Lavender ki khushboo achi hai aur bohat tez nahi. Fragrance sab se achi lagi.",true,2026-08-17T14:20:37.312Z
1-bottle,5,"Atif Ahmed Baig","Refreshing Lavender Fragrance","The lavender fragrance is nice and soft. I used it in the lounge and the floor looked clean after mopping. Would use it again.",true,2026-08-15T14:01:59.963Z
3-bottles,4,"Rehan Kamil Hashmi","Pleasant Lavender Scent","Rozana floor safai ke liye use kiya. Mopping easy rahi aur lavender wali khushboo kaafi pleasant hai. Dobara use karunga.",true,2026-08-15T14:12:55.198Z
3-bottles,5,"Imran Ibrahim Rashid","Refreshing Lavender Fragrance","Used Eco Galaxy Flooring Floor Cleaner today and the floor felt fresh after mopping. The lavender fragrance is pleasant and not too strong. Worth trying for regular cleaning.",true,2026-08-16T14:00:44.977Z
3-bottles,5,"Zara Rehan Farooq","Refreshing Lavender Fragrance","Eco Galaxy Flooring Floor Cleaner use kiya aur mop ke baad floor kaafi fresh feel hua. Lavender ki khushboo achi hai aur bohat tez nahi. Dobara use karunga.",true,2026-08-17T14:27:54.431Z
5-bottles,5,"Ibrahim Kamil Khan","Refreshing Lavender Fragrance","The lavender fragrance is nice and soft. I used it in the lounge and the floor looked clean after mopping. Pretty decent overall.",true,2026-08-17T13:58:30.899Z
5-bottles,5,"Uzma Shayan Mirza","Refreshing Lavender Fragrance","Lavender ki fragrance mujhe pasand aayi. Floor clean feel hota hai aur room mein بھی fresh smell rehti hai. Abhi tak acha experience raha. Daily safai ke liye sahi hai.",true,2026-08-15T13:55:27.031Z
1-bottle,4,"Sarah Zubair Sheikh","Pleasant Lavender Scent","Good for normal floor cleaning. The smell stays for a while and gives the room a fresh feeling. Worth trying for regular cleaning.",true,2026-08-16T13:50:57.156Z
1-bottle,5,"Sufyan Sami Saeed","Refreshing Lavender Fragrance","Rozana floor safai ke liye use kiya. Mopping easy rahi aur lavender wali khushboo kaafi pleasant hai. Abhi tak acha experience raha.",true,2026-08-16T14:07:02.899Z
1-bottle,4,"Faris Ali Mirza","Pleasant Lavender Scent","Good for normal floor cleaning. The smell stays for a while and gives the room a fresh feeling. I liked the fragrance most.",true,2026-08-16T14:19:26.968Z
1-bottle,5,"Rabia Ayan Malik","Refreshing Lavender Fragrance","Khushboo expected se achi nikli. Mop ke baad floor fresh fresh feel hota hai aur use karna بھی easy hai. Abhi tak acha experience raha.",true,2026-08-16T13:45:52.017Z
1-bottle,5,"Sundas Hassan Malik","Refreshing Lavender Fragrance","The lavender fragrance is nice and soft. I used it in the lounge and the floor looked clean after mopping. Good for routine mopping.",true,2026-08-16T14:06:43.683Z
3-bottles,5,"Areeb Ibrahim Malik","Refreshing Lavender Fragrance","Lavender ki fragrance mujhe pasand aayi. Floor clean feel hota hai aur room mein بھی fresh smell rehti hai. Dobara use karunga.",true,2026-08-15T14:03:05.631Z
3-bottles,4,"Atif Ahmed Malik","Pleasant Lavender Scent","The lavender fragrance is nice and soft. I used it in the lounge and the floor looked clean after mopping. I liked the fragrance most.",true,2026-08-15T14:35:32.706Z
3-bottles,4,"Ahsan Sami Aslam","Pleasant Lavender Scent","Eco Galaxy Flooring Floor Cleaner use kiya aur mop ke baad floor kaafi fresh feel hua. Lavender ki khushboo achi hai aur bohat tez nahi. Fragrance sab se achi lagi.",true,2026-08-15T14:27:42.017Z
5-bottles,5,"Omer Adil Chaudhry","Refreshing Lavender Fragrance","Pretty good for everyday cleaning. The fragrance is pleasant and the one liter bottle is easy to handle. Pretty decent overall.",true,2026-08-15T14:32:07.590Z
5-bottles,5,"Ashar Faisal Siddiqui","Refreshing Lavender Fragrance","Rozana floor safai ke liye use kiya. Mopping easy rahi aur lavender wali khushboo kaafi pleasant hai. Abhi tak acha experience raha.",true,2026-08-16T14:27:19.900Z
1-bottle,5,"Laiba Ali Qureshi","Refreshing Lavender Fragrance","The lavender fragrance is nice and soft. I used it in the lounge and the floor looked clean after mopping. Would use it again.",true,2026-08-16T13:58:31.786Z
1-bottle,5,"Maham Faisal Sheikh","Refreshing Lavender Fragrance","Khushboo expected se achi nikli. Mop ke baad floor fresh fresh feel hota hai aur use karna بھی easy hai. Abhi tak acha experience raha.",true,2026-08-15T14:09:02.335Z
1-bottle,5,"Sonia Sami Mirza","Refreshing Lavender Fragrance","Pretty good for everyday cleaning. The fragrance is pleasant and the one liter bottle is easy to handle. Worth trying for regular cleaning.",true,2026-08-14T14:07:46.251Z
1-bottle,5,"Hassan Raza Chaudhry","Refreshing Lavender Fragrance","Lounge mein try kiya, floor saaf laga aur fragrance bhi achi thi. Overall acha product laga mujhe. Dobara use karunga. 3.9 Abhi tak acha experience raha.",true,2026-08-16T14:11:07.488Z
1-bottle,4,"Maryam Ibrahim Qureshi","Pleasant Lavender Scent","I liked the lavender scent more than I expected. Cleaning was easy and the floor felt fresh afterward. Worth trying for regular cleaning. 3 I liked the fragrance most.",true,2026-08-16T14:12:20.917Z
3-bottles,5,"Nimra Noor Akhtar","Refreshing Lavender Fragrance","Lavender ki fragrance mujhe pasand aayi. Floor clean feel hota hai aur room mein بھی fresh smell rehti hai. Overall theek laga.",true,2026-08-16T14:26:56.320Z
3-bottles,5,"Atif Shayan Iqbal","Refreshing Lavender Fragrance","The lavender fragrance is nice and soft. I used it in the lounge and the floor looked clean after mopping. Good for routine mopping.",false,2026-08-14T13:46:59.766Z
3-bottles,4,"Usman Kashan Khan","Pleasant Lavender Scent","Rozana floor safai ke liye use kiya. Mopping easy rahi aur lavender wali khushboo kaafi pleasant hai. Fragrance sab se achi lagi. 4 Abhi tak acha experience raha.",true,2026-08-15T14:28:42.199Z
5-bottles,5,"Atif Naveed Malik","Refreshing Lavender Fragrance","Pretty good for everyday cleaning. The fragrance is pleasant and the one liter bottle is easy to handle. Worth trying for regular cleaning.",true,2026-08-14T13:44:13.477Z
5-bottles,5,"Hamza Zubair Chaudhry","Refreshing Lavender Fragrance","Lounge mein try kiya, floor saaf laga aur fragrance bhi achi thi. Overall acha product laga mujhe. Abhi tak acha experience raha. 4.8 Fragrance sab se achi lagi.",true,2026-08-14T14:05:16.446Z
1-bottle,4,"Sadia Rehan Javed","Pleasant Lavender Scent","Good for normal floor cleaning. The smell stays for a while and gives the room a fresh feeling. Good for routine mopping. I liked the fragrance most.",true,2026-08-16T14:30:41.521Z
1-bottle,5,"Bilal Ali Aslam","Refreshing Lavender Fragrance","Lounge mein try kiya, floor saaf laga aur fragrance bhi achi thi. Overall acha product laga mujhe. Dobara use karunga.",true,2026-08-16T14:37:36.186Z
1-bottle,5,"Muneeb Rehan Raza","Refreshing Lavender Fragrance","Used Eco Galaxy Flooring Floor Cleaner today and the floor felt fresh after mopping. The lavender fragrance is pleasant and not too strong. I liked the fragrance most.",true,2026-08-14T14:25:48.172Z
1-bottle,4,"Ali Amin Iqbal","Pleasant Lavender Scent","Lounge mein try kiya, floor saaf laga aur fragrance bhi achi thi. Overall acha product laga mujhe. Dobara use karunga. 3.9 Dobara use karunga.",true,2026-08-16T13:50:37.279Z
1-bottle,4,"Iqra Umar Aslam","Pleasant Lavender Scent","Used Eco Galaxy Flooring Floor Cleaner today and the floor felt fresh after mopping. The lavender fragrance is pleasant and not too strong. Worth trying for regular cleaning. 4.8 Would use it again.",true,2026-08-14T14:21:47.077Z
3-bottles,5,"Mehwish Ayan Javed","Refreshing Lavender Fragrance","Lavender ki fragrance mujhe pasand aayi. Floor clean feel hota hai aur room mein بھی fresh smell rehti hai. Abhi tak acha experience raha.",true,2026-08-16T14:29:31.394Z
3-bottles,4,"Ayaan Raza Malik","Pleasant Lavender Scent","Good for normal floor cleaning. The smell stays for a while and gives the room a fresh feeling. Good for routine mopping.",true,2026-08-14T13:44:39.553Z
3-bottles,5,"Nadia Noor Rashid","Refreshing Lavender Fragrance","Khushboo expected se achi nikli. Mop ke baad floor fresh fresh feel hota hai aur use karna بھی easy hai. Overall theek laga.",true,2026-08-15T14:12:57.884Z
5-bottles,5,"Ibrahim Amin Rashid","Refreshing Lavender Fragrance","The lavender fragrance is nice and soft. I used it in the lounge and the floor looked clean after mopping. Worth trying for regular cleaning. 3.5 Worth trying for regular cleaning.",true,2026-08-14T14:02:38.431Z
5-bottles,5,"Farhan Kashan Butt","Refreshing Lavender Fragrance","Khushboo expected se achi nikli. Mop ke baad floor fresh fresh feel hota hai aur use karna بھی easy hai. Fragrance sab se achi lagi.",true,2026-08-15T13:59:25.351Z
1-bottle,5,"Ahmed Kashan Iqbal","Refreshing Lavender Fragrance","Used Eco Galaxy Flooring Floor Cleaner today and the floor felt fresh after mopping. The lavender fragrance is pleasant and not too strong. Good for routine mopping.",false,2026-08-13T14:22:46.010Z
1-bottle,5,"Yumna Raza Hashmi","Refreshing Lavender Fragrance","Lounge mein try kiya, floor saaf laga aur fragrance bhi achi thi. Overall acha product laga mujhe. Dobara use karunga. 4.8 Fragrance sab se achi lagi.",true,2026-08-13T14:26:34.875Z
1-bottle,5,"Rayan Zubair Nawaz","Refreshing Lavender Fragrance","I liked the lavender scent more than I expected. Cleaning was easy and the floor felt fresh afterward. Would use it again.",true,2026-08-14T13:57:55.904Z
1-bottle,5,"Adeel Amin Khan","Refreshing Lavender Fragrance","Eco Galaxy Flooring Floor Cleaner use kiya aur mop ke baad floor kaafi fresh feel hua. Lavender ki khushboo achi hai aur bohat tez nahi. Daily safai ke liye sahi hai.",true,2026-08-14T13:50:04.029Z
1-bottle,5,"Faris Raza Khan","Refreshing Lavender Fragrance","Pretty good for everyday cleaning. The fragrance is pleasant and the one liter bottle is easy to handle. Worth trying for regular cleaning. Would use it again.",true,2026-08-13T14:22:56.992Z
3-bottles,5,"Zain Naveed Saeed","Refreshing Lavender Fragrance","Eco Galaxy Flooring Floor Cleaner use kiya aur mop ke baad floor kaafi fresh feel hua. Lavender ki khushboo achi hai aur bohat tez nahi. Fragrance sab se achi lagi. 4.5 Dobara use karunga.",false,2026-08-15T13:38:52.438Z
3-bottles,5,"Sana Naveed Raza","Refreshing Lavender Fragrance","Pretty good for everyday cleaning. The fragrance is pleasant and the one liter bottle is easy to handle. I liked the fragrance most.",true,2026-08-13T14:09:35.175Z
3-bottles,5,"Sonia Naveed Farooq","Refreshing Lavender Fragrance","Lounge mein try kiya, floor saaf laga aur fragrance bhi achi thi. Overall acha product laga mujhe. Dobara use karunga.",true,2026-08-13T13:47:16.849Z
5-bottles,5,"Imran Kamil Farooq","Refreshing Lavender Fragrance","The lavender fragrance is nice and soft. I used it in the lounge and the floor looked clean after mopping. Would use it again.",true,2026-08-14T14:03:24.350Z
5-bottles,5,"Irfan Ayan Aslam","Refreshing Lavender Fragrance","Khushboo expected se achi nikli. Mop ke baad floor fresh fresh feel hota hai aur use karna بھی easy hai. Fragrance sab se achi lagi.",true,2026-08-15T13:41:51.050Z
1-bottle,5,"Arham Hadi Baig","Refreshing Lavender Fragrance","Used Eco Galaxy Flooring Floor Cleaner today and the floor felt fresh after mopping. The lavender fragrance is pleasant and not too strong. Worth trying for regular cleaning. 3 Good for routine mopping.",true,2026-08-13T13:51:29.110Z
1-bottle,5,"Rehan Amin Saeed","Refreshing Lavender Fragrance","Lounge mein try kiya, floor saaf laga aur fragrance bhi achi thi. Overall acha product laga mujhe. Overall theek laga.",true,2026-08-15T14:29:37.032Z
1-bottle,5,"Huzaifa Amin Aslam","Refreshing Lavender Fragrance","Good for normal floor cleaning. The smell stays for a while and gives the room a fresh feeling. Good for routine mopping. Would use it again.",true,2026-08-15T14:31:50.650Z
1-bottle,5,"Daniyal Taimur Aslam","Refreshing Lavender Fragrance","Rozana floor safai ke liye use kiya. Mopping easy rahi aur lavender wali khushboo kaafi pleasant hai. Abhi tak acha experience raha.",true,2026-08-13T14:05:18.413Z
1-bottle,5,"Sarah Hadi Hashmi","Refreshing Lavender Fragrance","Good for normal floor cleaning. The smell stays for a while and gives the room a fresh feeling. Pretty decent overall.",true,2026-08-13T14:07:00.370Z
3-bottles,5,"Haris Naveed Siddiqui","Refreshing Lavender Fragrance","Rozana floor safai ke liye use kiya. Mopping easy rahi aur lavender wali khushboo kaafi pleasant hai. Daily safai ke liye sahi hai.",true,2026-08-13T13:51:06.554Z
3-bottles,5,"Sana Ayan Iqbal","Refreshing Lavender Fragrance","I liked the lavender scent more than I expected. Cleaning was easy and the floor felt fresh afterward. I liked the fragrance most.",true,2026-08-14T13:52:14.411Z
3-bottles,4,"Saba Ahmed Javed","Pleasant Lavender Scent","Lavender ki fragrance mujhe pasand aayi. Floor clean feel hota hai aur room mein بھی fresh smell rehti hai. Dobara use karunga.",true,2026-08-14T14:23:35.195Z
5-bottles,5,"Maham Kamil Akhtar","Refreshing Lavender Fragrance","Used Eco Galaxy Flooring Floor Cleaner today and the floor felt fresh after mopping. The lavender fragrance is pleasant and not too strong. Pretty decent overall.",false,2026-08-14T13:42:46.496Z
5-bottles,5,"Ahmed Ibrahim Nawaz","Refreshing Lavender Fragrance","Eco Galaxy Flooring Floor Cleaner use kiya aur mop ke baad floor kaafi fresh feel hua. Lavender ki khushboo achi hai aur bohat tez nahi. Dobara use karunga.",true,2026-08-12T14:12:23.593Z
1-bottle,4,"Laiba Amin Saeed","Pleasant Lavender Scent","Pretty good for everyday cleaning. The fragrance is pleasant and the one liter bottle is easy to handle. I liked the fragrance most.",true,2026-08-13T14:31:17.717Z
1-bottle,5,"Hassan Kashan Akhtar","Refreshing Lavender Fragrance","Khushboo expected se achi nikli. Mop ke baad floor fresh fresh feel hota hai aur use karna بھی easy hai. Daily safai ke liye sahi hai.",true,2026-08-13T14:30:34.846Z
1-bottle,5,"Rafay Shayan Aslam","Refreshing Lavender Fragrance","Good for normal floor cleaning. The smell stays for a while and gives the room a fresh feeling. Would use it again. 3.9 I liked the fragrance most.",true,2026-08-12T13:43:21.860Z
1-bottle,4,"Asad Raza Hashmi","Pleasant Lavender Scent","Eco Galaxy Flooring Floor Cleaner use kiya aur mop ke baad floor kaafi fresh feel hua. Lavender ki khushboo achi hai aur bohat tez nahi. Fragrance sab se achi lagi.",true,2026-08-12T13:55:32.323Z
1-bottle,5,"Sadia Adil Javed","Refreshing Lavender Fragrance","Used Eco Galaxy Flooring Floor Cleaner today and the floor felt fresh after mopping. The lavender fragrance is pleasant and not too strong. I liked the fragrance most.",true,2026-08-12T14:21:35.050Z
3-bottles,5,"Sameer Amin Chaudhry","Refreshing Lavender Fragrance","Khushboo expected se achi nikli. Mop ke baad floor fresh fresh feel hota hai aur use karna بھی easy hai. Fragrance sab se achi lagi. 3.5 Dobara use karunga.",true,2026-08-14T14:16:12.956Z
3-bottles,5,"Arsalan Ibrahim Raza","Refreshing Lavender Fragrance","The lavender fragrance is nice and soft. I used it in the lounge and the floor looked clean after mopping. I liked the fragrance most.",true,2026-08-12T14:05:21.027Z
3-bottles,4,"Uzma Amin Mirza","Pleasant Lavender Scent","Khushboo expected se achi nikli. Mop ke baad floor fresh fresh feel hota hai aur use karna بھی easy hai. Dobara use karunga. 3.5 Abhi tak acha experience raha.",true,2026-08-14T14:00:29.237Z
5-bottles,5,"Sadia Ayan Butt","Refreshing Lavender Fragrance","Used Eco Galaxy Flooring Floor Cleaner today and the floor felt fresh after mopping. The lavender fragrance is pleasant and not too strong. Would use it again.",true,2026-08-12T13:52:16.495Z
5-bottles,4,"Saba Ali Butt","Pleasant Lavender Scent","Lavender ki fragrance mujhe pasand aayi. Floor clean feel hota hai aur room mein بھی fresh smell rehti hai. Daily safai ke liye sahi hai. 4 Overall theek laga.",true,2026-08-13T14:01:03.130Z
1-bottle,5,"Imran Ahmed Chaudhry","Refreshing Lavender Fragrance","Pretty good for everyday cleaning. The fragrance is pleasant and the one liter bottle is easy to handle. Would use it again.",true,2026-08-11T14:19:30.000Z
1-bottle,5,"Hiba Zubair Nawaz","Refreshing Lavender Fragrance","Lounge mein try kiya, floor saaf laga aur fragrance bhi achi thi. Overall acha product laga mujhe. Daily safai ke liye sahi hai.",true,2026-08-13T14:03:13.343Z
1-bottle,5,"Farhan Taimur Raza","Refreshing Lavender Fragrance","Good for normal floor cleaning. The smell stays for a while and gives the room a fresh feeling. Worth trying for regular cleaning. 3.5 Pretty decent overall.",true,2026-08-13T14:29:37.114Z
1-bottle,5,"Areeba Umar Butt","Refreshing Lavender Fragrance","Lavender ki fragrance mujhe pasand aayi. Floor clean feel hota hai aur room mein بھی fresh smell rehti hai. Abhi tak acha experience raha.",true,2026-08-12T14:25:43.373Z
1-bottle,5,"Areeba Adil Akhtar","Refreshing Lavender Fragrance","Used Eco Galaxy Flooring Floor Cleaner today and the floor felt fresh after mopping. The lavender fragrance is pleasant and not too strong. I liked the fragrance most.",true,2026-08-12T14:08:50.940Z
3-bottles,5,"Sarah Kashan Nawaz","Refreshing Lavender Fragrance","Lounge mein try kiya, floor saaf laga aur fragrance bhi achi thi. Overall acha product laga mujhe. Daily safai ke liye sahi hai. 4 Fragrance sab se achi lagi.",true,2026-08-11T13:44:26.943Z
3-bottles,5,"Imran Zubair Hashmi","Refreshing Lavender Fragrance","The lavender fragrance is nice and soft. I used it in the lounge and the floor looked clean after mopping. Would use it again.",true,2026-08-12T14:28:06.753Z
3-bottles,4,"Mustafa Raza Hashmi","Pleasant Lavender Scent","Eco Galaxy Flooring Floor Cleaner use kiya aur mop ke baad floor kaafi fresh feel hua. Lavender ki khushboo achi hai aur bohat tez nahi. Fragrance sab se achi lagi.",false,2026-08-13T14:19:42.025Z
5-bottles,4,"Fahad Ali Akhtar","Pleasant Lavender Scent","Used Eco Galaxy Flooring Floor Cleaner today and the floor felt fresh after mopping. The lavender fragrance is pleasant and not too strong. Worth trying for regular cleaning. 3.9 Worth trying for regular cleaning.",true,2026-08-13T13:44:44.639Z
5-bottles,4,"Sufyan Kamil Farooq","Pleasant Lavender Scent","Rozana floor safai ke liye use kiya. Mopping easy rahi aur lavender wali khushboo kaafi pleasant hai. Fragrance sab se achi lagi.",true,2026-08-11T14:29:55.341Z
1-bottle,5,"Arham Umar Farooq","Refreshing Lavender Fragrance","The lavender fragrance is nice and soft. I used it in the lounge and the floor looked clean after mopping. Would use it again. Worth trying for regular cleaning.",true,2026-08-13T14:31:17.916Z
1-bottle,5,"Mahnoor Hassan Malik","Refreshing Lavender Fragrance","Khushboo expected se achi nikli. Mop ke baad floor fresh fresh feel hota hai aur use karna بھی easy hai. Dobara use karunga.",true,2026-08-13T14:31:09.335Z
1-bottle,5,"Hania Ali Iqbal","Refreshing Lavender Fragrance","Pretty good for everyday cleaning. The fragrance is pleasant and the one liter bottle is easy to handle. Pretty decent overall. 3 Worth trying for regular cleaning.",true,2026-08-11T13:58:01.261Z
1-bottle,5,"Noman Umar Butt","Refreshing Lavender Fragrance","Rozana floor safai ke liye use kiya. Mopping easy rahi aur lavender wali khushboo kaafi pleasant hai. Fragrance sab se achi lagi.",true,2026-08-12T14:35:58.063Z
1-bottle,5,"Yumna Umar Malik","Refreshing Lavender Fragrance","Used Eco Galaxy Flooring Floor Cleaner today and the floor felt fresh after mopping. The lavender fragrance is pleasant and not too strong. I liked the fragrance most.",true,2026-08-12T14:30:46.153Z
3-bottles,5,"Ibrahim Zubair Butt","Refreshing Lavender Fragrance","Eco Galaxy Flooring Floor Cleaner use kiya aur mop ke baad floor kaafi fresh feel hua. Lavender ki khushboo achi hai aur bohat tez nahi. Dobara use karunga.",true,2026-08-13T13:44:35.963Z
3-bottles,5,"Ayesha Shayan Baig","Refreshing Lavender Fragrance","Good for normal floor cleaning. The smell stays for a while and gives the room a fresh feeling. Pretty decent overall.",false,2026-08-13T14:17:44.800Z
3-bottles,5,"Hamza Sami Saeed","Refreshing Lavender Fragrance","Lounge mein try kiya, floor saaf laga aur fragrance bhi achi thi. Overall acha product laga mujhe. Fragrance sab se achi lagi.",true,2026-08-10T14:18:50.743Z
5-bottles,5,"Salman Kamil Iqbal","Refreshing Lavender Fragrance","I liked the lavender scent more than I expected. Cleaning was easy and the floor felt fresh afterward. I liked the fragrance most. 3.5 I liked the fragrance most.",true,2026-08-12T14:08:16.804Z
5-bottles,5,"Sundas Hassan Chaudhry","Refreshing Lavender Fragrance","Rozana floor safai ke liye use kiya. Mopping easy rahi aur lavender wali khushboo kaafi pleasant hai. Dobara use karunga.",true,2026-08-12T13:48:39.672Z
1-bottle,4,"Mustafa Umar Hashmi","Pleasant Lavender Scent","Pretty good for everyday cleaning. The fragrance is pleasant and the one liter bottle is easy to handle. Pretty decent overall.",true,2026-08-12T13:50:08.310Z
1-bottle,5,"Saba Hadi Iqbal","Refreshing Lavender Fragrance","Rozana floor safai ke liye use kiya. Mopping easy rahi aur lavender wali khushboo kaafi pleasant hai. Abhi tak acha experience raha.",true,2026-08-12T13:40:46.107Z
1-bottle,4,"Fatima Hadi Aslam","Pleasant Lavender Scent","Good for normal floor cleaning. The smell stays for a while and gives the room a fresh feeling. Worth trying for regular cleaning.",true,2026-08-10T13:50:45.862Z
1-bottle,5,"Kashif Umar Butt","Refreshing Lavender Fragrance","Lounge mein try kiya, floor saaf laga aur fragrance bhi achi thi. Overall acha product laga mujhe. Dobara use karunga.",true,2026-08-11T14:12:25.330Z
1-bottle,5,"Sameer Faisal Qureshi","Refreshing Lavender Fragrance","The lavender fragrance is nice and soft. I used it in the lounge and the floor looked clean after mopping. I liked the fragrance most.",true,2026-08-11T14:12:13.851Z
3-bottles,5,"Zainab Zubair Hussain","Refreshing Lavender Fragrance","Rozana floor safai ke liye use kiya. Mopping easy rahi aur lavender wali khushboo kaafi pleasant hai. Fragrance sab se achi lagi.",true,2026-08-12T14:07:11.215Z
3-bottles,5,"Hania Shayan Baig","Refreshing Lavender Fragrance","The lavender fragrance is nice and soft. I used it in the lounge and the floor looked clean after mopping. Would use it again. Would use it again.",true,2026-08-12T14:36:49.650Z
3-bottles,5,"Rafay Shayan Iqbal","Refreshing Lavender Fragrance","Lavender ki fragrance mujhe pasand aayi. Floor clean feel hota hai aur room mein بھی fresh smell rehti hai. Dobara use karunga. 4.5 Daily safai ke liye sahi hai.",false,2026-08-12T13:54:22.112Z
5-bottles,5,"Osama Hadi Malik","Refreshing Lavender Fragrance","The lavender fragrance is nice and soft. I used it in the lounge and the floor looked clean after mopping. Pretty decent overall.",true,2026-08-10T13:46:36.833Z
5-bottles,5,"Samina Zubair Baig","Refreshing Lavender Fragrance","Rozana floor safai ke liye use kiya. Mopping easy rahi aur lavender wali khushboo kaafi pleasant hai. Overall theek laga.",true,2026-08-11T14:37:25.344Z
1-bottle,5,"Sidra Kashan Raza","Refreshing Lavender Fragrance","Good for normal floor cleaning. The smell stays for a while and gives the room a fresh feeling. Worth trying for regular cleaning.",true,2026-08-11T14:10:54.429Z
1-bottle,4,"Mahnoor Ayan Akhtar","Pleasant Lavender Scent","Eco Galaxy Flooring Floor Cleaner use kiya aur mop ke baad floor kaafi fresh feel hua. Lavender ki khushboo achi hai aur bohat tez nahi. Fragrance sab se achi lagi. 4 Overall theek laga.",false,2026-08-12T14:22:35.726Z
1-bottle,5,"Ayesha Ahmed Nawaz","Refreshing Lavender Fragrance","The lavender fragrance is nice and soft. I used it in the lounge and the floor looked clean after mopping. Good for routine mopping.",true,2026-08-11T13:43:01.118Z
1-bottle,5,"Salman Ibrahim Javed","Refreshing Lavender Fragrance","Khushboo expected se achi nikli. Mop ke baad floor fresh fresh feel hota hai aur use karna بھی easy hai. Dobara use karunga.",true,2026-08-12T14:23:17.250Z
1-bottle,5,"Faris Noor Malik","Refreshing Lavender Fragrance","Pretty good for everyday cleaning. The fragrance is pleasant and the one liter bottle is easy to handle. Good for routine mopping. 4 Would use it again.",true,2026-08-11T14:27:05.306Z
3-bottles,5,"Fahad Faisal Chaudhry","Refreshing Lavender Fragrance","Khushboo expected se achi nikli. Mop ke baad floor fresh fresh feel hota hai aur use karna بھی easy hai. Abhi tak acha experience raha.",true,2026-08-10T13:45:52.007Z
3-bottles,5,"Iqra Umar Javed","Refreshing Lavender Fragrance","I liked the lavender scent more than I expected. Cleaning was easy and the floor felt fresh afterward. Good for routine mopping. 4 Pretty decent overall.",false,2026-08-11T14:04:35.814Z
3-bottles,5,"Samina Kamil Khan","Refreshing Lavender Fragrance","Lounge mein try kiya, floor saaf laga aur fragrance bhi achi thi. Overall acha product laga mujhe. Overall theek laga.",true,2026-08-11T14:26:13.105Z
5-bottles,5,"Rafay Hassan Sheikh","Refreshing Lavender Fragrance","I liked the lavender scent more than I expected. Cleaning was easy and the floor felt fresh afterward. Would use it again. I liked the fragrance most.",true,2026-08-10T14:29:04.544Z
5-bottles,5,"Bilal Umar Sheikh","Refreshing Lavender Fragrance","Lavender ki fragrance mujhe pasand aayi. Floor clean feel hota hai aur room mein بھی fresh smell rehti hai. Daily safai ke liye sahi hai.",true,2026-08-11T14:31:52.752Z
1-bottle,5,"Usman Ali Hussain","Refreshing Lavender Fragrance","Good for normal floor cleaning. The smell stays for a while and gives the room a fresh feeling. I liked the fragrance most. 3.5 Would use it again.",true,2026-08-09T13:49:22.777Z
1-bottle,5,"Saba Naveed Nawaz","Refreshing Lavender Fragrance","Lounge mein try kiya, floor saaf laga aur fragrance bhi achi thi. Overall acha product laga mujhe. Fragrance sab se achi lagi.",true,2026-08-10T14:02:04.244Z
1-bottle,5,"Rafay Faisal Butt","Refreshing Lavender Fragrance","Pretty good for everyday cleaning. The fragrance is pleasant and the one liter bottle is easy to handle. I liked the fragrance most.",true,2026-08-11T13:53:47.648Z
1-bottle,5,"Nimra Rehan Butt","Refreshing Lavender Fragrance","Lavender ki fragrance mujhe pasand aayi. Floor clean feel hota hai aur room mein بھی fresh smell rehti hai. Dobara use karunga.",true,2026-08-10T14:17:36.966Z
1-bottle,5,"Saba Zubair Akhtar","Refreshing Lavender Fragrance","I liked the lavender scent more than I expected. Cleaning was easy and the floor felt fresh afterward. I liked the fragrance most.",true,2026-08-10T14:34:32.342Z
3-bottles,5,"Zara Ayan Saeed","Refreshing Lavender Fragrance","Lavender ki fragrance mujhe pasand aayi. Floor clean feel hota hai aur room mein بھی fresh smell rehti hai. Overall theek laga.",true,2026-08-10T13:51:51.136Z
3-bottles,4,"Sundas Umar Sheikh","Pleasant Lavender Scent","Used Eco Galaxy Flooring Floor Cleaner today and the floor felt fresh after mopping. The lavender fragrance is pleasant and not too strong. I liked the fragrance most. Would use it again.",true,2026-08-09T14:05:05.154Z
3-bottles,5,"Eman Rehan Butt","Refreshing Lavender Fragrance","Khushboo expected se achi nikli. Mop ke baad floor fresh fresh feel hota hai aur use karna بھی easy hai. Fragrance sab se achi lagi. 3.9 Dobara use karunga.",true,2026-08-09T14:20:27.939Z
5-bottles,5,"Fatima Noor Nawaz","Refreshing Lavender Fragrance","The lavender fragrance is nice and soft. I used it in the lounge and the floor looked clean after mopping. Would use it again. 4 Would use it again.",true,2026-08-09T13:58:59.575Z
5-bottles,5,"Rabia Rehan Sheikh","Refreshing Lavender Fragrance","Eco Galaxy Flooring Floor Cleaner use kiya aur mop ke baad floor kaafi fresh feel hua. Lavender ki khushboo achi hai aur bohat tez nahi. Overall theek laga.",true,2026-08-09T14:30:17.306Z
1-bottle,5,"Maham Taimur Rashid","Refreshing Lavender Fragrance","Good for normal floor cleaning. The smell stays for a while and gives the room a fresh feeling. Pretty decent overall. 3 Worth trying for regular cleaning.",true,2026-08-09T14:24:44.373Z
1-bottle,5,"Kashif Umar Khan","Refreshing Lavender Fragrance","Lounge mein try kiya, floor saaf laga aur fragrance bhi achi thi. Overall acha product laga mujhe. Fragrance sab se achi lagi.",true,2026-08-09T14:06:28.538Z
1-bottle,4,"Hania Hassan Khan","Pleasant Lavender Scent","Good for normal floor cleaning. The smell stays for a while and gives the room a fresh feeling. Good for routine mopping.",true,2026-08-08T14:04:13.796Z
1-bottle,5,"Yumna Amin Saeed","Refreshing Lavender Fragrance","Rozana floor safai ke liye use kiya. Mopping easy rahi aur lavender wali khushboo kaafi pleasant hai. Daily safai ke liye sahi hai.",true,2026-08-09T13:38:12.135Z
1-bottle,5,"Omer Raza Raza","Refreshing Lavender Fragrance","Pretty good for everyday cleaning. The fragrance is pleasant and the one liter bottle is easy to handle. Worth trying for regular cleaning. 3.5 Good for routine mopping.",true,2026-08-09T14:29:21.246Z
3-bottles,4,"Ahmed Adil Siddiqui","Pleasant Lavender Scent","Lounge mein try kiya, floor saaf laga aur fragrance bhi achi thi. Overall acha product laga mujhe. Fragrance sab se achi lagi.",true,2026-08-08T14:24:51.007Z
3-bottles,5,"Shahzaib Hadi Akhtar","Refreshing Lavender Fragrance","I liked the lavender scent more than I expected. Cleaning was easy and the floor felt fresh afterward. I liked the fragrance most.",true,2026-08-10T14:34:57.087Z
3-bottles,5,"Yasir Ayan Mirza","Refreshing Lavender Fragrance","Lounge mein try kiya, floor saaf laga aur fragrance bhi achi thi. Overall acha product laga mujhe. Fragrance sab se achi lagi. 3.9 Daily safai ke liye sahi hai.",true,2026-08-10T14:22:39.302Z
5-bottles,5,"Usman Kashan Aslam","Refreshing Lavender Fragrance","The lavender fragrance is nice and soft. I used it in the lounge and the floor looked clean after mopping. Pretty decent overall. 4 Pretty decent overall.",true,2026-08-10T13:39:42.372Z
5-bottles,5,"Zain Amin Malik","Refreshing Lavender Fragrance","Rozana floor safai ke liye use kiya. Mopping easy rahi aur lavender wali khushboo kaafi pleasant hai. Overall theek laga.",true,2026-08-08T13:51:17.529Z
1-bottle,5,"Rabia Amin Khan","Refreshing Lavender Fragrance","Pretty good for everyday cleaning. The fragrance is pleasant and the one liter bottle is easy to handle. I liked the fragrance most. 3.5 Would use it again.",true,2026-08-10T14:32:25.210Z
1-bottle,4,"Iqra Zubair Hussain","Pleasant Lavender Scent","Eco Galaxy Flooring Floor Cleaner use kiya aur mop ke baad floor kaafi fresh feel hua. Lavender ki khushboo achi hai aur bohat tez nahi. Overall theek laga.",true,2026-08-10T14:26:43.641Z
1-bottle,5,"Nimra Amin Chaudhry","Refreshing Lavender Fragrance","Good for normal floor cleaning. The smell stays for a while and gives the room a fresh feeling. Pretty decent overall. Pretty decent overall.",true,2026-08-09T14:25:51.750Z
1-bottle,5,"Yasir Ahmed Qureshi","Refreshing Lavender Fragrance","Rozana floor safai ke liye use kiya. Mopping easy rahi aur lavender wali khushboo kaafi pleasant hai. Fragrance sab se achi lagi. Dobara use karunga.",true,2026-08-10T13:41:57.708Z
1-bottle,4,"Muneeb Zubair Baig","Pleasant Lavender Scent","I liked the lavender scent more than I expected. Cleaning was easy and the floor felt fresh afterward. I liked the fragrance most. 4 Good for routine mopping.",true,2026-08-09T14:28:36.973Z
3-bottles,4,"Atif Naveed Hussain","Pleasant Lavender Scent","Eco Galaxy Flooring Floor Cleaner use kiya aur mop ke baad floor kaafi fresh feel hua. Lavender ki khushboo achi hai aur bohat tez nahi. Daily safai ke liye sahi hai. 4 Dobara use karunga.",true,2026-08-10T14:29:49.896Z
3-bottles,5,"Sadia Noor Qureshi","Refreshing Lavender Fragrance","I liked the lavender scent more than I expected. Cleaning was easy and the floor felt fresh afterward. Pretty decent overall.",true,2026-08-08T14:37:18.986Z
3-bottles,5,"Hania Umar Farooq","Refreshing Lavender Fragrance","Lounge mein try kiya, floor saaf laga aur fragrance bhi achi thi. Overall acha product laga mujhe. Overall theek laga. 3.9 Overall theek laga.",true,2026-08-08T14:37:43.980Z
5-bottles,4,"Areeb Sami Hussain","Pleasant Lavender Scent","Good for normal floor cleaning. The smell stays for a while and gives the room a fresh feeling. Pretty decent overall. Would use it again.",true,2026-08-08T13:43:16.138Z
5-bottles,5,"Omer Rehan Nawaz","Refreshing Lavender Fragrance","Lounge mein try kiya, floor saaf laga aur fragrance bhi achi thi. Overall acha product laga mujhe. Dobara use karunga.",true,2026-08-09T14:29:55.305Z
1-bottle,5,"Danish Kamil Butt","Refreshing Lavender Fragrance","Pretty good for everyday cleaning. The fragrance is pleasant and the one liter bottle is easy to handle. Would use it again. 3.5 I liked the fragrance most.",true,2026-08-09T13:38:53.950Z
1-bottle,5,"Aariz Umar Chaudhry","Refreshing Lavender Fragrance","Eco Galaxy Flooring Floor Cleaner use kiya aur mop ke baad floor kaafi fresh feel hua. Lavender ki khushboo achi hai aur bohat tez nahi. Fragrance sab se achi lagi. 4 Dobara use karunga.",false,2026-08-07T14:31:33.270Z
1-bottle,5,"Sadia Shayan Iqbal","Refreshing Lavender Fragrance","Good for normal floor cleaning. The smell stays for a while and gives the room a fresh feeling. I liked the fragrance most.",true,2026-08-09T13:46:08.883Z
1-bottle,5,"Fahad Raza Butt","Refreshing Lavender Fragrance","Rozana floor safai ke liye use kiya. Mopping easy rahi aur lavender wali khushboo kaafi pleasant hai. Dobara use karunga. Daily safai ke liye sahi hai.",true,2026-08-09T13:51:01.500Z
1-bottle,4,"Shoaib Zubair Javed","Pleasant Lavender Scent","I liked the lavender scent more than I expected. Cleaning was easy and the floor felt fresh afterward. I liked the fragrance most. 3.5 I liked the fragrance most.",true,2026-08-09T13:55:37.892Z
3-bottles,4,"Adeel Taimur Malik","Pleasant Lavender Scent","Lounge mein try kiya, floor saaf laga aur fragrance bhi achi thi. Overall acha product laga mujhe. Fragrance sab se achi lagi. 3 Daily safai ke liye sahi hai.",true,2026-08-09T14:08:49.364Z
3-bottles,5,"Sidra Taimur Siddiqui","Refreshing Lavender Fragrance","Pretty good for everyday cleaning. The fragrance is pleasant and the one liter bottle is easy to handle. Pretty decent overall. 4.8 Good for routine mopping.",true,2026-08-08T14:13:35.432Z
3-bottles,5,"Farhan Zubair Javed","Refreshing Lavender Fragrance","Lounge mein try kiya, floor saaf laga aur fragrance bhi achi thi. Overall acha product laga mujhe. Abhi tak acha experience raha.",true,2026-08-09T14:28:52.380Z
5-bottles,5,"Kashif Shayan Farooq","Refreshing Lavender Fragrance","Good for normal floor cleaning. The smell stays for a while and gives the room a fresh feeling. Pretty decent overall.",true,2026-08-08T14:00:39.965Z
5-bottles,4,"Farhan Zubair Nawaz","Pleasant Lavender Scent","Khushboo expected se achi nikli. Mop ke baad floor fresh fresh feel hota hai aur use karna بھی easy hai. Fragrance sab se achi lagi. 3.5 Dobara use karunga.",true,2026-08-08T14:13:16.174Z
1-bottle,4,"Ahmed Raza Farooq","Pleasant Lavender Scent","Good for normal floor cleaning. The smell stays for a while and gives the room a fresh feeling. Worth trying for regular cleaning. 3 Worth trying for regular cleaning.",true,2026-08-07T14:13:15.168Z
1-bottle,4,"Mehwish Amin Sheikh","Pleasant Lavender Scent","Eco Galaxy Flooring Floor Cleaner use kiya aur mop ke baad floor kaafi fresh feel hua. Lavender ki khushboo achi hai aur bohat tez nahi. Abhi tak acha experience raha.",true,2026-08-08T14:14:02.660Z
1-bottle,5,"Adeel Hassan Malik","Refreshing Lavender Fragrance","Used Eco Galaxy Flooring Floor Cleaner today and the floor felt fresh after mopping. The lavender fragrance is pleasant and not too strong. I liked the fragrance most. Would use it again.",true,2026-08-07T14:04:31.884Z
1-bottle,5,"Ayaan Rehan Akhtar","Refreshing Lavender Fragrance","Rozana floor safai ke liye use kiya. Mopping easy rahi aur lavender wali khushboo kaafi pleasant hai. Dobara use karunga.",true,2026-08-09T13:40:08.747Z
1-bottle,5,"Nimra Adil Baig","Refreshing Lavender Fragrance","Good for normal floor cleaning. The smell stays for a while and gives the room a fresh feeling. Good for routine mopping.",true,2026-08-07T14:36:52.901Z
3-bottles,5,"Hiba Faisal Butt","Refreshing Lavender Fragrance","Rozana floor safai ke liye use kiya. Mopping easy rahi aur lavender wali khushboo kaafi pleasant hai. Daily safai ke liye sahi hai.",true,2026-08-06T14:10:38.707Z
3-bottles,5,"Zain Ibrahim Baig","Refreshing Lavender Fragrance","Good for normal floor cleaning. The smell stays for a while and gives the room a fresh feeling. Worth trying for regular cleaning.",true,2026-08-07T14:32:21.926Z
3-bottles,5,"Rafay Raza Sheikh","Refreshing Lavender Fragrance","Rozana floor safai ke liye use kiya. Mopping easy rahi aur lavender wali khushboo kaafi pleasant hai. Abhi tak acha experience raha. Overall theek laga.",true,2026-08-07T14:05:05.474Z
5-bottles,5,"Zeeshan Kamil Iqbal","Refreshing Lavender Fragrance","The lavender fragrance is nice and soft. I used it in the lounge and the floor looked clean after mopping. I liked the fragrance most.",true,2026-08-08T14:28:48.224Z
5-bottles,4,"Sadia Ayan Nawaz","Pleasant Lavender Scent","Lavender ki fragrance mujhe pasand aayi. Floor clean feel hota hai aur room mein بھی fresh smell rehti hai. Daily safai ke liye sahi hai. Fragrance sab se achi lagi.",true,2026-08-07T13:58:21.558Z
1-bottle,5,"Haris Zubair Rashid","Refreshing Lavender Fragrance","Used Eco Galaxy Flooring Floor Cleaner today and the floor felt fresh after mopping. The lavender fragrance is pleasant and not too strong. I liked the fragrance most.",true,2026-08-06T14:13:57.340Z
1-bottle,5,"Talha Ibrahim Mirza","Refreshing Lavender Fragrance","Khushboo expected se achi nikli. Mop ke baad floor fresh fresh feel hota hai aur use karna بھی easy hai. Overall theek laga.",true,2026-08-06T14:20:59.478Z
1-bottle,5,"Sufyan Ali Aslam","Refreshing Lavender Fragrance","Good for normal floor cleaning. The smell stays for a while and gives the room a fresh feeling. Would use it again.",false,2026-08-08T13:54:52.669Z
1-bottle,5,"Mehwish Umar Malik","Refreshing Lavender Fragrance","Eco Galaxy Flooring Floor Cleaner use kiya aur mop ke baad floor kaafi fresh feel hua. Lavender ki khushboo achi hai aur bohat tez nahi. Fragrance sab se achi lagi. 4.5 Abhi tak acha experience raha.",false,2026-08-06T13:42:39.975Z
1-bottle,5,"Shoaib Naveed Chaudhry","Refreshing Lavender Fragrance","The lavender fragrance is nice and soft. I used it in the lounge and the floor looked clean after mopping. Would use it again. Would use it again.",true,2026-08-07T14:01:05.129Z
3-bottles,4,"Atif Amin Farooq","Pleasant Lavender Scent","Lavender ki fragrance mujhe pasand aayi. Floor clean feel hota hai aur room mein بھی fresh smell rehti hai. Dobara use karunga.",true,2026-08-07T13:50:18.055Z
3-bottles,5,"Maryam Adil Butt","Refreshing Lavender Fragrance","I liked the lavender scent more than I expected. Cleaning was easy and the floor felt fresh afterward. Pretty decent overall.",true,2026-08-06T14:28:38.919Z
3-bottles,5,"Zain Rehan Saeed","Refreshing Lavender Fragrance","Lounge mein try kiya, floor saaf laga aur fragrance bhi achi thi. Overall acha product laga mujhe. Daily safai ke liye sahi hai.",false,2026-08-07T13:40:06.577Z
5-bottles,5,"Mustafa Noor Farooq","Refreshing Lavender Fragrance","I liked the lavender scent more than I expected. Cleaning was easy and the floor felt fresh afterward. Would use it again. 3.9 I liked the fragrance most.",true,2026-08-06T13:44:48.920Z
5-bottles,4,"Shahzaib Ibrahim Baig","Pleasant Lavender Scent","Eco Galaxy Flooring Floor Cleaner use kiya aur mop ke baad floor kaafi fresh feel hua. Lavender ki khushboo achi hai aur bohat tez nahi. Daily safai ke liye sahi hai. 3.5 Overall theek laga.",true,2026-08-07T14:15:59.320Z
1-bottle,5,"Mustafa Ayan Farooq","Refreshing Lavender Fragrance","I liked the lavender scent more than I expected. Cleaning was easy and the floor felt fresh afterward. Pretty decent overall.",true,2026-08-06T14:28:46.891Z
1-bottle,5,"Ibrahim Shayan Butt","Refreshing Lavender Fragrance","Lounge mein try kiya, floor saaf laga aur fragrance bhi achi thi. Overall acha product laga mujhe. Dobara use karunga. Abhi tak acha experience raha.",true,2026-08-05T14:22:56.813Z
1-bottle,5,"Shahzaib Rehan Mirza","Refreshing Lavender Fragrance","I liked the lavender scent more than I expected. Cleaning was easy and the floor felt fresh afterward. Would use it again.",true,2026-08-06T13:59:58.262Z
1-bottle,5,"Asad Rehan Khan","Refreshing Lavender Fragrance","Khushboo expected se achi nikli. Mop ke baad floor fresh fresh feel hota hai aur use karna بھی easy hai. Overall theek laga.",true,2026-08-06T14:12:18.409Z
1-bottle,5,"Ali Umar Aslam","Refreshing Lavender Fragrance","Good for normal floor cleaning. The smell stays for a while and gives the room a fresh feeling. Would use it again.",true,2026-08-07T14:33:15.504Z
3-bottles,5,"Noman Naveed Nawaz","Refreshing Lavender Fragrance","Lavender ki fragrance mujhe pasand aayi. Floor clean feel hota hai aur room mein بھی fresh smell rehti hai. Overall theek laga.",true,2026-08-05T13:42:51.617Z
3-bottles,5,"Zara Kashan Aslam","Refreshing Lavender Fragrance","Used Eco Galaxy Flooring Floor Cleaner today and the floor felt fresh after mopping. The lavender fragrance is pleasant and not too strong. Would use it again. 3.5 I liked the fragrance most.",true,2026-08-07T14:29:33.145Z
3-bottles,5,"Saba Noor Siddiqui","Refreshing Lavender Fragrance","Eco Galaxy Flooring Floor Cleaner use kiya aur mop ke baad floor kaafi fresh feel hua. Lavender ki khushboo achi hai aur bohat tez nahi. Fragrance sab se achi lagi.",true,2026-08-06T14:25:39.746Z
5-bottles,5,"Rayan Ibrahim Hussain","Refreshing Lavender Fragrance","The lavender fragrance is nice and soft. I used it in the lounge and the floor looked clean after mopping. I liked the fragrance most. 4 Worth trying for regular cleaning.",true,2026-08-06T14:11:55.690Z
5-bottles,5,"Huzaifa Ayan Qureshi","Refreshing Lavender Fragrance","Eco Galaxy Flooring Floor Cleaner use kiya aur mop ke baad floor kaafi fresh feel hua. Lavender ki khushboo achi hai aur bohat tez nahi. Abhi tak acha experience raha. 4.8 Daily safai ke liye sahi hai.",true,2026-08-05T14:10:15.682Z
1-bottle,5,"Shahzaib Ahmed Qureshi","Refreshing Lavender Fragrance","I liked the lavender scent more than I expected. Cleaning was easy and the floor felt fresh afterward. Would use it again.",true,2026-08-05T13:47:56.465Z
1-bottle,4,"Areeb Taimur Butt","Pleasant Lavender Scent","Lavender ki fragrance mujhe pasand aayi. Floor clean feel hota hai aur room mein بھی fresh smell rehti hai. Fragrance sab se achi lagi.",false,2026-08-07T14:34:19.589Z
1-bottle,5,"Danish Naveed Saeed","Refreshing Lavender Fragrance","The lavender fragrance is nice and soft. I used it in the lounge and the floor looked clean after mopping. Worth trying for regular cleaning.",false,2026-08-07T14:33:46.922Z
1-bottle,5,"Mehwish Ahmed Malik","Refreshing Lavender Fragrance","Lounge mein try kiya, floor saaf laga aur fragrance bhi achi thi. Overall acha product laga mujhe. Daily safai ke liye sahi hai. Daily safai ke liye sahi hai.",true,2026-08-05T14:01:17.366Z
1-bottle,5,"Fatima Ibrahim Siddiqui","Refreshing Lavender Fragrance","Good for normal floor cleaning. The smell stays for a while and gives the room a fresh feeling. Would use it again. Good for routine mopping.",true,2026-08-07T14:36:28.098Z
3-bottles,4,"Sameer Umar Akhtar","Pleasant Lavender Scent","Rozana floor safai ke liye use kiya. Mopping easy rahi aur lavender wali khushboo kaafi pleasant hai. Dobara use karunga. Fragrance sab se achi lagi.",true,2026-08-05T13:58:48.425Z
3-bottles,5,"Rafay Umar Akhtar","Refreshing Lavender Fragrance","The lavender fragrance is nice and soft. I used it in the lounge and the floor looked clean after mopping. Good for routine mopping.",false,2026-08-05T14:11:50.590Z
3-bottles,4,"Ali Zubair Chaudhry","Pleasant Lavender Scent","Eco Galaxy Flooring Floor Cleaner use kiya aur mop ke baad floor kaafi fresh feel hua. Lavender ki khushboo achi hai aur bohat tez nahi. Daily safai ke liye sahi hai. 3.5 Fragrance sab se achi lagi.",true,2026-08-06T14:17:17.957Z
5-bottles,4,"Ashar Umar Hussain","Pleasant Lavender Scent","I liked the lavender scent more than I expected. Cleaning was easy and the floor felt fresh afterward. Good for routine mopping.",true,2026-08-04T13:49:39.513Z
5-bottles,5,"Shoaib Kamil Chaudhry","Refreshing Lavender Fragrance","Rozana floor safai ke liye use kiya. Mopping easy rahi aur lavender wali khushboo kaafi pleasant hai. Fragrance sab se achi lagi. 4.5 Daily safai ke liye sahi hai.",true,2026-08-04T14:31:59.107Z
1-bottle,5,"Muneeb Raza Saeed","Refreshing Lavender Fragrance","Good for normal floor cleaning. The smell stays for a while and gives the room a fresh feeling. Would use it again.",true,2026-08-04T14:20:34.640Z
1-bottle,5,"Asad Zubair Sheikh","Refreshing Lavender Fragrance","Lounge mein try kiya, floor saaf laga aur fragrance bhi achi thi. Overall acha product laga mujhe. Dobara use karunga. 4.8 Abhi tak acha experience raha.",true,2026-08-06T14:08:54.718Z
1-bottle,5,"Atif Hassan Rashid","Refreshing Lavender Fragrance","Used Eco Galaxy Flooring Floor Cleaner today and the floor felt fresh after mopping. The lavender fragrance is pleasant and not too strong. Good for routine mopping. 4 Pretty decent overall.",false,2026-08-05T14:16:14.267Z
1-bottle,5,"Huzaifa Kashan Saeed","Refreshing Lavender Fragrance","Rozana floor safai ke liye use kiya. Mopping easy rahi aur lavender wali khushboo kaafi pleasant hai. Overall theek laga.",true,2026-08-05T14:12:23.726Z
1-bottle,5,"Maham Zubair Raza","Refreshing Lavender Fragrance","Used Eco Galaxy Flooring Floor Cleaner today and the floor felt fresh after mopping. The lavender fragrance is pleasant and not too strong. I liked the fragrance most.",true,2026-08-06T13:57:18.223Z
3-bottles,5,"Muneeb Amin Javed","Refreshing Lavender Fragrance","Rozana floor safai ke liye use kiya. Mopping easy rahi aur lavender wali khushboo kaafi pleasant hai. Overall theek laga.",true,2026-08-05T13:38:09.277Z
3-bottles,5,"Sidra Ali Javed","Refreshing Lavender Fragrance","Used Eco Galaxy Flooring Floor Cleaner today and the floor felt fresh after mopping. The lavender fragrance is pleasant and not too strong. Good for routine mopping. 3 Worth trying for regular cleaning.",true,2026-08-04T14:36:14.885Z
3-bottles,4,"Ayaan Hadi Farooq","Pleasant Lavender Scent","Lounge mein try kiya, floor saaf laga aur fragrance bhi achi thi. Overall acha product laga mujhe. Daily safai ke liye sahi hai. Overall theek laga.",true,2026-08-06T14:25:26.475Z
5-bottles,5,"Mahnoor Taimur Javed","Refreshing Lavender Fragrance","I liked the lavender scent more than I expected. Cleaning was easy and the floor felt fresh afterward. Would use it again. 4.5 I liked the fragrance most.",true,2026-08-05T14:01:33.004Z
5-bottles,5,"Usman Kashan Rashid","Refreshing Lavender Fragrance","Khushboo expected se achi nikli. Mop ke baad floor fresh fresh feel hota hai aur use karna بھی easy hai. Fragrance sab se achi lagi. 3.5 Abhi tak acha experience raha.",true,2026-08-06T14:03:24.805Z
1-bottle,5,"Usman Kashan Hashmi","Refreshing Lavender Fragrance","Used Eco Galaxy Flooring Floor Cleaner today and the floor felt fresh after mopping. The lavender fragrance is pleasant and not too strong. Good for routine mopping.",true,2026-08-05T13:49:10.782Z
1-bottle,5,"Sundas Umar Iqbal","Refreshing Lavender Fragrance","Khushboo expected se achi nikli. Mop ke baad floor fresh fresh feel hota hai aur use karna بھی easy hai. Daily safai ke liye sahi hai.",true,2026-08-04T14:20:57.959Z
1-bottle,4,"Ahmed Ayan Iqbal","Pleasant Lavender Scent","Used Eco Galaxy Flooring Floor Cleaner today and the floor felt fresh after mopping. The lavender fragrance is pleasant and not too strong. Pretty decent overall.",true,2026-08-04T14:31:17.733Z
1-bottle,5,"Ayesha Adil Hussain","Refreshing Lavender Fragrance","Lounge mein try kiya, floor saaf laga aur fragrance bhi achi thi. Overall acha product laga mujhe. Fragrance sab se achi lagi. 4.5 Dobara use karunga.",true,2026-08-05T13:38:30.533Z
1-bottle,5,"Saba Faisal Iqbal","Refreshing Lavender Fragrance","Good for normal floor cleaning. The smell stays for a while and gives the room a fresh feeling. Would use it again. 3.5 I liked the fragrance most.",true,2026-08-04T13:43:28.359Z
3-bottles,5,"Sameer Hadi Raza","Refreshing Lavender Fragrance","Lounge mein try kiya, floor saaf laga aur fragrance bhi achi thi. Overall acha product laga mujhe. Daily safai ke liye sahi hai.",false,2026-08-04T14:19:39.410Z
3-bottles,5,"Rayan Naveed Qureshi","Refreshing Lavender Fragrance","The lavender fragrance is nice and soft. I used it in the lounge and the floor looked clean after mopping. Worth trying for regular cleaning.",true,2026-08-03T14:18:29.700Z
3-bottles,5,"Rehan Raza Baig","Refreshing Lavender Fragrance","Khushboo expected se achi nikli. Mop ke baad floor fresh fresh feel hota hai aur use karna بھی easy hai. Dobara use karunga. 3.5 Dobara use karunga.",true,2026-08-05T14:09:07.750Z
5-bottles,5,"Mahnoor Shayan Aslam","Refreshing Lavender Fragrance","Pretty good for everyday cleaning. The fragrance is pleasant and the one liter bottle is easy to handle. Good for routine mopping.",true,2026-08-03T13:49:57.497Z
5-bottles,5,"Ibrahim Raza Qureshi","Refreshing Lavender Fragrance","Lavender ki fragrance mujhe pasand aayi. Floor clean feel hota hai aur room mein بھی fresh smell rehti hai. Abhi tak acha experience raha.",true,2026-08-05T14:13:36.121Z
1-bottle,5,"Hamza Rehan Javed","Refreshing Lavender Fragrance","Used Eco Galaxy Flooring Floor Cleaner today and the floor felt fresh after mopping. The lavender fragrance is pleasant and not too strong. Good for routine mopping.",true,2026-08-04T14:12:08.434Z
1-bottle,5,"Fatima Sami Farooq","Refreshing Lavender Fragrance","Lavender ki fragrance mujhe pasand aayi. Floor clean feel hota hai aur room mein بھی fresh smell rehti hai. Abhi tak acha experience raha. Overall theek laga.",true,2026-08-03T14:04:23.135Z
1-bottle,5,"Haris Naveed Akhtar","Refreshing Lavender Fragrance","Used Eco Galaxy Flooring Floor Cleaner today and the floor felt fresh after mopping. The lavender fragrance is pleasant and not too strong. Pretty decent overall.",true,2026-08-03T14:15:24.752Z
1-bottle,5,"Omer Ahmed Akhtar","Refreshing Lavender Fragrance","Khushboo expected se achi nikli. Mop ke baad floor fresh fresh feel hota hai aur use karna بھی easy hai. Abhi tak acha experience raha. 3 Fragrance sab se achi lagi.",true,2026-08-03T14:21:26.706Z
1-bottle,5,"Mariam Hassan Raza","Refreshing Lavender Fragrance","Used Eco Galaxy Flooring Floor Cleaner today and the floor felt fresh after mopping. The lavender fragrance is pleasant and not too strong. Pretty decent overall. Pretty decent overall.",true,2026-08-03T14:04:19.834Z
3-bottles,5,"Noman Kamil Chaudhry","Refreshing Lavender Fragrance","Rozana floor safai ke liye use kiya. Mopping easy rahi aur lavender wali khushboo kaafi pleasant hai. Abhi tak acha experience raha. 3.5 Daily safai ke liye sahi hai.",true,2026-08-04T14:21:37.369Z
3-bottles,5,"Osama Rehan Baig","Refreshing Lavender Fragrance","Good for normal floor cleaning. The smell stays for a while and gives the room a fresh feeling. Good for routine mopping.",true,2026-08-05T14:06:39.768Z
3-bottles,5,"Eesa Umar Akhtar","Refreshing Lavender Fragrance","Khushboo expected se achi nikli. Mop ke baad floor fresh fresh feel hota hai aur use karna بھی easy hai. Abhi tak acha experience raha.",true,2026-08-05T14:18:33.924Z
5-bottles,5,"Samina Rehan Butt","Refreshing Lavender Fragrance","I liked the lavender scent more than I expected. Cleaning was easy and the floor felt fresh afterward. I liked the fragrance most. 3.9 Worth trying for regular cleaning.",true,2026-08-03T14:17:02.991Z
5-bottles,5,"Mahnoor Ayan Iqbal","Refreshing Lavender Fragrance","Rozana floor safai ke liye use kiya. Mopping easy rahi aur lavender wali khushboo kaafi pleasant hai. Dobara use karunga.",false,2026-08-04T14:27:46.598Z
1-bottle,4,"Muneeb Ibrahim Iqbal","Pleasant Lavender Scent","Pretty good for everyday cleaning. The fragrance is pleasant and the one liter bottle is easy to handle. Pretty decent overall.",true,2026-08-04T14:05:16.142Z
1-bottle,5,"Rabia Noor Iqbal","Refreshing Lavender Fragrance","Lounge mein try kiya, floor saaf laga aur fragrance bhi achi thi. Overall acha product laga mujhe. Fragrance sab se achi lagi. Overall theek laga.",true,2026-08-02T14:04:41.244Z
1-bottle,4,"Saad Noor Javed","Pleasant Lavender Scent","Used Eco Galaxy Flooring Floor Cleaner today and the floor felt fresh after mopping. The lavender fragrance is pleasant and not too strong. Would use it again.",true,2026-08-02T14:10:56.863Z
1-bottle,5,"Imran Raza Hashmi","Refreshing Lavender Fragrance","Rozana floor safai ke liye use kiya. Mopping easy rahi aur lavender wali khushboo kaafi pleasant hai. Fragrance sab se achi lagi. 4 Dobara use karunga.",false,2026-08-02T14:31:46.229Z
1-bottle,5,"Asad Ibrahim Hashmi","Refreshing Lavender Fragrance","I liked the lavender scent more than I expected. Cleaning was easy and the floor felt fresh afterward. I liked the fragrance most. 3.5 Pretty decent overall.",true,2026-08-03T14:01:57.374Z
3-bottles,4,"Hiba Shayan Malik","Pleasant Lavender Scent","Khushboo expected se achi nikli. Mop ke baad floor fresh fresh feel hota hai aur use karna بھی easy hai. Fragrance sab se achi lagi.",true,2026-08-03T14:10:55.843Z
3-bottles,5,"Yasir Adil Akhtar","Refreshing Lavender Fragrance","The lavender fragrance is nice and soft. I used it in the lounge and the floor looked clean after mopping. Good for routine mopping. Worth trying for regular cleaning.",true,2026-08-03T13:46:39.000Z
3-bottles,5,"Zara Shayan Malik","Refreshing Lavender Fragrance","Lavender ki fragrance mujhe pasand aayi. Floor clean feel hota hai aur room mein بھی fresh smell rehti hai. Fragrance sab se achi lagi.",true,2026-08-02T14:36:55.247Z
5-bottles,5,"Nadia Amin Saeed","Refreshing Lavender Fragrance","Good for normal floor cleaning. The smell stays for a while and gives the room a fresh feeling. Worth trying for regular cleaning. 4.5 I liked the fragrance most.",true,2026-08-03T14:32:44.181Z
5-bottles,4,"Rehan Umar Nawaz","Pleasant Lavender Scent","Khushboo expected se achi nikli. Mop ke baad floor fresh fresh feel hota hai aur use karna بھی easy hai. Daily safai ke liye sahi hai.",true,2026-08-04T13:38:48.812Z
1-bottle,5,"Ahmed Zubair Farooq","Refreshing Lavender Fragrance","I liked the lavender scent more than I expected. Cleaning was easy and the floor felt fresh afterward. Worth trying for regular cleaning.",true,2026-08-04T14:11:20.698Z
1-bottle,5,"Eman Hadi Hussain","Refreshing Lavender Fragrance","Rozana floor safai ke liye use kiya. Mopping easy rahi aur lavender wali khushboo kaafi pleasant hai. Fragrance sab se achi lagi. Fragrance sab se achi lagi.",true,2026-08-04T13:39:32.511Z
1-bottle,5,"Mahnoor Adil Khan","Refreshing Lavender Fragrance","Pretty good for everyday cleaning. The fragrance is pleasant and the one liter bottle is easy to handle. Worth trying for regular cleaning. I liked the fragrance most.",true,2026-08-03T13:47:47.975Z
1-bottle,5,"Uzma Shayan Sheikh","Refreshing Lavender Fragrance","Lavender ki fragrance mujhe pasand aayi. Floor clean feel hota hai aur room mein بھی fresh smell rehti hai. Fragrance sab se achi lagi. 4.5 Abhi tak acha experience raha.",true,2026-08-03T14:15:29.511Z
1-bottle,5,"Bilal Ayan Javed","Refreshing Lavender Fragrance","The lavender fragrance is nice and soft. I used it in the lounge and the floor looked clean after mopping. Good for routine mopping. 3.5 Would use it again.",false,2026-08-03T13:55:51.263Z
3-bottles,5,"Talha Ayan Malik","Refreshing Lavender Fragrance","Lounge mein try kiya, floor saaf laga aur fragrance bhi achi thi. Overall acha product laga mujhe. Abhi tak acha experience raha.",true,2026-08-04T13:39:17.733Z
3-bottles,4,"Uzma Umar Butt","Pleasant Lavender Scent","The lavender fragrance is nice and soft. I used it in the lounge and the floor looked clean after mopping. I liked the fragrance most. 4 Would use it again.",true,2026-08-03T14:24:17.288Z
3-bottles,5,"Yumna Taimur Iqbal","Refreshing Lavender Fragrance","Eco Galaxy Flooring Floor Cleaner use kiya aur mop ke baad floor kaafi fresh feel hua. Lavender ki khushboo achi hai aur bohat tez nahi. Overall theek laga. 3 Overall theek laga.",true,2026-08-02T13:55:04.263Z
5-bottles,5,"Shahzaib Ahmed Malik","Refreshing Lavender Fragrance","Used Eco Galaxy Flooring Floor Cleaner today and the floor felt fresh after mopping. The lavender fragrance is pleasant and not too strong. I liked the fragrance most.",true,2026-08-03T14:22:25.297Z
5-bottles,4,"Fahad Noor Javed","Pleasant Lavender Scent","Lounge mein try kiya, floor saaf laga aur fragrance bhi achi thi. Overall acha product laga mujhe. Fragrance sab se achi lagi.",true,2026-08-03T14:21:47.942Z
1-bottle,5,"Adnan Taimur Javed","Refreshing Lavender Fragrance","Used Eco Galaxy Flooring Floor Cleaner today and the floor felt fresh after mopping. The lavender fragrance is pleasant and not too strong. Worth trying for regular cleaning.",true,2026-08-02T13:41:18.620Z
1-bottle,4,"Mustafa Ali Malik","Pleasant Lavender Scent","Eco Galaxy Flooring Floor Cleaner use kiya aur mop ke baad floor kaafi fresh feel hua. Lavender ki khushboo achi hai aur bohat tez nahi. Daily safai ke liye sahi hai. 3.5 Dobara use karunga.",true,2026-08-01T14:07:47.030Z
1-bottle,5,"Hassan Kamil Hussain","Refreshing Lavender Fragrance","The lavender fragrance is nice and soft. I used it in the lounge and the floor looked clean after mopping. Pretty decent overall.",true,2026-08-03T13:47:11.509Z
1-bottle,5,"Arsalan Shayan Mirza","Refreshing Lavender Fragrance","Eco Galaxy Flooring Floor Cleaner use kiya aur mop ke baad floor kaafi fresh feel hua. Lavender ki khushboo achi hai aur bohat tez nahi. Fragrance sab se achi lagi. 3.5 Abhi tak acha experience raha.",true,2026-08-01T13:42:51.891Z
1-bottle,5,"Sonia Ayan Javed","Refreshing Lavender Fragrance","Pretty good for everyday cleaning. The fragrance is pleasant and the one liter bottle is easy to handle. Good for routine mopping. 3.5 Pretty decent overall.",true,2026-08-03T14:04:21.576Z
3-bottles,5,"Shoaib Raza Saeed","Refreshing Lavender Fragrance","Lounge mein try kiya, floor saaf laga aur fragrance bhi achi thi. Overall acha product laga mujhe. Dobara use karunga. 3 Fragrance sab se achi lagi.",true,2026-08-03T14:06:23.590Z
3-bottles,4,"Sufyan Adil Siddiqui","Pleasant Lavender Scent","Pretty good for everyday cleaning. The fragrance is pleasant and the one liter bottle is easy to handle. Pretty decent overall. Pretty decent overall.",false,2026-08-02T14:11:55.274Z
3-bottles,5,"Arham Hadi Aslam","Refreshing Lavender Fragrance","Lavender ki fragrance mujhe pasand aayi. Floor clean feel hota hai aur room mein بھی fresh smell rehti hai. Overall theek laga. 3.9 Dobara use karunga.",true,2026-08-02T14:23:25.647Z
5-bottles,5,"Shahzaib Noor Mirza","Refreshing Lavender Fragrance","Pretty good for everyday cleaning. The fragrance is pleasant and the one liter bottle is easy to handle. Pretty decent overall. 3 Pretty decent overall.",true,2026-08-02T13:41:57.574Z
5-bottles,5,"Ali Kashan Khan","Refreshing Lavender Fragrance","Khushboo expected se achi nikli. Mop ke baad floor fresh fresh feel hota hai aur use karna بھی easy hai. Fragrance sab se achi lagi. Daily safai ke liye sahi hai.",true,2026-08-01T14:05:55.306Z
1-bottle,5,"Shoaib Rehan Raza","Refreshing Lavender Fragrance","Good for normal floor cleaning. The smell stays for a while and gives the room a fresh feeling. Good for routine mopping. 4.8 Good for routine mopping.",true,2026-08-03T14:21:28.885Z
1-bottle,4,"Sonia Shayan Saeed","Pleasant Lavender Scent","Lavender ki fragrance mujhe pasand aayi. Floor clean feel hota hai aur room mein بھی fresh smell rehti hai. Fragrance sab se achi lagi. 4 Abhi tak acha experience raha.",true,2026-08-02T14:19:43.998Z
1-bottle,5,"Saira Umar Saeed","Refreshing Lavender Fragrance","The lavender fragrance is nice and soft. I used it in the lounge and the floor looked clean after mopping. Would use it again. 4.8 Worth trying for regular cleaning.",true,2026-08-01T14:28:34.887Z
1-bottle,5,"Saba Shayan Siddiqui","Refreshing Lavender Fragrance","Khushboo expected se achi nikli. Mop ke baad floor fresh fresh feel hota hai aur use karna بھی easy hai. Fragrance sab se achi lagi. Fragrance sab se achi lagi.",true,2026-08-01T14:26:10.271Z
1-bottle,4,"Zain Ibrahim Siddiqui","Pleasant Lavender Scent","Good for normal floor cleaning. The smell stays for a while and gives the room a fresh feeling. I liked the fragrance most.",true,2026-08-01T13:56:40.918Z
3-bottles,5,"Ibrahim Kashan Farooq","Refreshing Lavender Fragrance","Khushboo expected se achi nikli. Mop ke baad floor fresh fresh feel hota hai aur use karna بھی easy hai. Fragrance sab se achi lagi. 4 Daily safai ke liye sahi hai.",true,2026-08-02T14:17:12.567Z
3-bottles,5,"Imran Umar Butt","Refreshing Lavender Fragrance","Pretty good for everyday cleaning. The fragrance is pleasant and the one liter bottle is easy to handle. Good for routine mopping.",false,2026-08-02T14:34:20.650Z
3-bottles,5,"Talha Adil Sheikh","Refreshing Lavender Fragrance","Rozana floor safai ke liye use kiya. Mopping easy rahi aur lavender wali khushboo kaafi pleasant hai. Abhi tak acha experience raha.",true,2026-08-02T14:26:42.299Z
5-bottles,5,"Ayesha Shayan Aslam","Refreshing Lavender Fragrance","The lavender fragrance is nice and soft. I used it in the lounge and the floor looked clean after mopping. Pretty decent overall. 4.8 Would use it again.",false,2026-08-01T13:52:33.532Z
5-bottles,5,"Shoaib Ahmed Mirza","Refreshing Lavender Fragrance","Khushboo expected se achi nikli. Mop ke baad floor fresh fresh feel hota hai aur use karna بھی easy hai. Abhi tak acha experience raha. 3.5 Fragrance sab se achi lagi.",true,2026-08-01T13:50:30.619Z
1-bottle,5,"Hania Ibrahim Raza","Refreshing Lavender Fragrance","I liked the lavender scent more than I expected. Cleaning was easy and the floor felt fresh afterward. Worth trying for regular cleaning. 4 I liked the fragrance most.",true,2026-08-02T14:19:30.282Z
1-bottle,5,"Asad Ahmed Akhtar","Refreshing Lavender Fragrance","Lavender ki fragrance mujhe pasand aayi. Floor clean feel hota hai aur room mein بھی fresh smell rehti hai. Fragrance sab se achi lagi.",true,2026-08-02T14:33:39.938Z
1-bottle,5,"Huzaifa Kashan Javed","Refreshing Lavender Fragrance","Used Eco Galaxy Flooring Floor Cleaner today and the floor felt fresh after mopping. The lavender fragrance is pleasant and not too strong. Would use it again. 3.5 Good for routine mopping.",true,2026-07-31T13:50:27.868Z
1-bottle,5,"Nimra Ibrahim Malik","Refreshing Lavender Fragrance","Eco Galaxy Flooring Floor Cleaner use kiya aur mop ke baad floor kaafi fresh feel hua. Lavender ki khushboo achi hai aur bohat tez nahi. Abhi tak acha experience raha. 4.8 Overall theek laga.",true,2026-07-31T14:35:33.770Z
1-bottle,5,"Rafay Hassan Butt","Refreshing Lavender Fragrance","I liked the lavender scent more than I expected. Cleaning was easy and the floor felt fresh afterward. Worth trying for regular cleaning. 4 Good for routine mopping.",true,2026-08-01T13:44:48.369Z
3-bottles,5,"Rehan Rehan Khan","Refreshing Lavender Fragrance","Rozana floor safai ke liye use kiya. Mopping easy rahi aur lavender wali khushboo kaafi pleasant hai. Daily safai ke liye sahi hai.",true,2026-08-01T14:05:11.423Z
3-bottles,5,"Zainab Ayan Farooq","Refreshing Lavender Fragrance","Good for normal floor cleaning. The smell stays for a while and gives the room a fresh feeling. Pretty decent overall. 4.5 Worth trying for regular cleaning.",true,2026-08-01T14:26:31.348Z
3-bottles,5,"Rayan Sami Mirza","Refreshing Lavender Fragrance","Rozana floor safai ke liye use kiya. Mopping easy rahi aur lavender wali khushboo kaafi pleasant hai. Abhi tak acha experience raha. 4.8 Daily safai ke liye sahi hai.",true,2026-07-31T14:32:22.597Z
5-bottles,5,"Mehwish Umar Hussain","Refreshing Lavender Fragrance","Pretty good for everyday cleaning. The fragrance is pleasant and the one liter bottle is easy to handle. Would use it again.",true,2026-08-02T13:38:09.417Z
5-bottles,5,"Sana Adil Baig","Refreshing Lavender Fragrance","Khushboo expected se achi nikli. Mop ke baad floor fresh fresh feel hota hai aur use karna بھی easy hai. Daily safai ke liye sahi hai.",true,2026-08-01T14:12:48.768Z
1-bottle,5,"Atif Umar Nawaz","Refreshing Lavender Fragrance","Used Eco Galaxy Flooring Floor Cleaner today and the floor felt fresh after mopping. The lavender fragrance is pleasant and not too strong. Pretty decent overall.",true,2026-07-31T14:16:55.122Z
1-bottle,5,"Kashif Amin Saeed","Refreshing Lavender Fragrance","Rozana floor safai ke liye use kiya. Mopping easy rahi aur lavender wali khushboo kaafi pleasant hai. Fragrance sab se achi lagi. 4.5 Daily safai ke liye sahi hai.",true,2026-07-30T13:48:49.683Z
1-bottle,5,"Hamza Zubair Siddiqui","Refreshing Lavender Fragrance","Used Eco Galaxy Flooring Floor Cleaner today and the floor felt fresh after mopping. The lavender fragrance is pleasant and not too strong. Would use it again. 4.5 I liked the fragrance most.",true,2026-07-30T14:06:44.711Z
1-bottle,5,"Ehtisham Ibrahim Aslam","Refreshing Lavender Fragrance","Rozana floor safai ke liye use kiya. Mopping easy rahi aur lavender wali khushboo kaafi pleasant hai. Fragrance sab se achi lagi. Fragrance sab se achi lagi.",true,2026-07-31T13:52:28.726Z
1-bottle,4,"Fatima Sami Baig","Pleasant Lavender Scent","The lavender fragrance is nice and soft. I used it in the lounge and the floor looked clean after mopping. I liked the fragrance most.",true,2026-08-01T14:18:58.963Z
3-bottles,5,"Areeb Ayan Akhtar","Refreshing Lavender Fragrance","Eco Galaxy Flooring Floor Cleaner use kiya aur mop ke baad floor kaafi fresh feel hua. Lavender ki khushboo achi hai aur bohat tez nahi. Overall theek laga. Dobara use karunga.",true,2026-08-01T13:45:26.722Z
3-bottles,5,"Uzma Shayan Chaudhry","Refreshing Lavender Fragrance","Pretty good for everyday cleaning. The fragrance is pleasant and the one liter bottle is easy to handle. Good for routine mopping. 3.9 Pretty decent overall.",true,2026-07-30T14:27:04.827Z
3-bottles,5,"Ahsan Shayan Nawaz","Refreshing Lavender Fragrance","Lavender ki fragrance mujhe pasand aayi. Floor clean feel hota hai aur room mein بھی fresh smell rehti hai. Abhi tak acha experience raha.",false,2026-08-01T14:12:06.912Z
5-bottles,5,"Sana Ali Siddiqui","Refreshing Lavender Fragrance","Used Eco Galaxy Flooring Floor Cleaner today and the floor felt fresh after mopping. The lavender fragrance is pleasant and not too strong. I liked the fragrance most. Worth trying for regular cleaning.",true,2026-07-31T14:05:39.440Z
5-bottles,5,"Ahsan Rehan Butt","Refreshing Lavender Fragrance","Eco Galaxy Flooring Floor Cleaner use kiya aur mop ke baad floor kaafi fresh feel hua. Lavender ki khushboo achi hai aur bohat tez nahi. Daily safai ke liye sahi hai.",false,2026-08-01T13:41:09.675Z
1-bottle,5,"Maryam Umar Khan","Refreshing Lavender Fragrance","The lavender fragrance is nice and soft. I used it in the lounge and the floor looked clean after mopping. Good for routine mopping. Would use it again.",true,2026-07-31T14:13:09.991Z
1-bottle,5,"Ayaan Shayan Khan","Refreshing Lavender Fragrance","Lounge mein try kiya, floor saaf laga aur fragrance bhi achi thi. Overall acha product laga mujhe. Daily safai ke liye sahi hai.",true,2026-07-31T13:51:50.066Z
1-bottle,5,"Mahnoor Hadi Javed","Refreshing Lavender Fragrance","I liked the lavender scent more than I expected. Cleaning was easy and the floor felt fresh afterward. Would use it again. Worth trying for regular cleaning.",true,2026-07-30T13:45:49.612Z
1-bottle,5,"Daniyal Noor Chaudhry","Refreshing Lavender Fragrance","Lavender ki fragrance mujhe pasand aayi. Floor clean feel hota hai aur room mein بھی fresh smell rehti hai. Fragrance sab se achi lagi. 4.8 Daily safai ke liye sahi hai.",true,2026-07-30T13:46:19.797Z
1-bottle,5,"Maham Amin Baig","Refreshing Lavender Fragrance","Pretty good for everyday cleaning. The fragrance is pleasant and the one liter bottle is easy to handle. Worth trying for regular cleaning.",false,2026-07-30T14:26:52.035Z
3-bottles,5,"Saim Amin Baig","Refreshing Lavender Fragrance","Lounge mein try kiya, floor saaf laga aur fragrance bhi achi thi. Overall acha product laga mujhe. Dobara use karunga. Daily safai ke liye sahi hai.",true,2026-07-30T13:47:09.286Z
3-bottles,5,"Sameer Amin Sheikh","Refreshing Lavender Fragrance","Good for normal floor cleaning. The smell stays for a while and gives the room a fresh feeling. Good for routine mopping. 4 Pretty decent overall.",true,2026-08-01T14:13:28.801Z
3-bottles,5,"Ali Shayan Chaudhry","Refreshing Lavender Fragrance","Eco Galaxy Flooring Floor Cleaner use kiya aur mop ke baad floor kaafi fresh feel hua. Lavender ki khushboo achi hai aur bohat tez nahi. Abhi tak acha experience raha. Daily safai ke liye sahi hai.",true,2026-07-29T14:03:49.704Z
5-bottles,5,"Rayan Hassan Rashid","Refreshing Lavender Fragrance","Good for normal floor cleaning. The smell stays for a while and gives the room a fresh feeling. Would use it again. 3.9 Worth trying for regular cleaning.",true,2026-07-30T14:07:29.543Z
5-bottles,5,"Hania Hadi Saeed","Refreshing Lavender Fragrance","Eco Galaxy Flooring Floor Cleaner use kiya aur mop ke baad floor kaafi fresh feel hua. Lavender ki khushboo achi hai aur bohat tez nahi. Overall theek laga. 3 Abhi tak acha experience raha.",true,2026-07-30T13:39:06.945Z
1-bottle,5,"Sundas Rehan Chaudhry","Refreshing Lavender Fragrance","Used Eco Galaxy Flooring Floor Cleaner today and the floor felt fresh after mopping. The lavender fragrance is pleasant and not too strong. Good for routine mopping. 4.8 Worth trying for regular cleaning.",true,2026-07-31T14:28:04.397Z
1-bottle,5,"Fatima Kamil Akhtar","Refreshing Lavender Fragrance","Rozana floor safai ke liye use kiya. Mopping easy rahi aur lavender wali khushboo kaafi pleasant hai. Fragrance sab se achi lagi.",false,2026-07-30T14:35:45.388Z
1-bottle,5,"Saira Umar Khan","Refreshing Lavender Fragrance","I liked the lavender scent more than I expected. Cleaning was easy and the floor felt fresh afterward. Would use it again. Worth trying for regular cleaning.",true,2026-07-30T14:03:11.146Z
1-bottle,5,"Taha Noor Raza","Refreshing Lavender Fragrance","Khushboo expected se achi nikli. Mop ke baad floor fresh fresh feel hota hai aur use karna بھی easy hai. Daily safai ke liye sahi hai. 4 Dobara use karunga.",true,2026-07-29T13:39:41.242Z
1-bottle,5,"Jibran Shayan Siddiqui","Refreshing Lavender Fragrance","Good for normal floor cleaning. The smell stays for a while and gives the room a fresh feeling. Good for routine mopping. 3.9 I liked the fragrance most.",true,2026-07-31T13:56:24.256Z
3-bottles,4,"Omer Naveed Akhtar","Pleasant Lavender Scent","Lounge mein try kiya, floor saaf laga aur fragrance bhi achi thi. Overall acha product laga mujhe. Daily safai ke liye sahi hai.",true,2026-07-30T14:29:49.843Z
3-bottles,4,"Noman Zubair Chaudhry","Pleasant Lavender Scent","Used Eco Galaxy Flooring Floor Cleaner today and the floor felt fresh after mopping. The lavender fragrance is pleasant and not too strong. Worth trying for regular cleaning.",true,2026-07-31T13:56:16.373Z
3-bottles,5,"Zeeshan Naveed Iqbal","Refreshing Lavender Fragrance","Khushboo expected se achi nikli. Mop ke baad floor fresh fresh feel hota hai aur use karna بھی easy hai. Overall theek laga. 3 Overall theek laga.",true,2026-07-29T13:53:05.225Z
5-bottles,5,"Saira Ahmed Nawaz","Refreshing Lavender Fragrance","The lavender fragrance is nice and soft. I used it in the lounge and the floor looked clean after mopping. Pretty decent overall. 4.8 I liked the fragrance most.",true,2026-07-31T14:15:32.913Z
5-bottles,5,"Hiba Hadi Iqbal","Refreshing Lavender Fragrance","Eco Galaxy Flooring Floor Cleaner use kiya aur mop ke baad floor kaafi fresh feel hua. Lavender ki khushboo achi hai aur bohat tez nahi. Daily safai ke liye sahi hai.",true,2026-07-31T14:37:42.322Z
1-bottle,4,"Ahsan Kashan Hussain","Pleasant Lavender Scent","Good for normal floor cleaning. The smell stays for a while and gives the room a fresh feeling. Good for routine mopping. 4.8 Good for routine mopping.",true,2026-07-31T14:25:08.832Z
1-bottle,5,"Atif Ibrahim Farooq","Refreshing Lavender Fragrance","Khushboo expected se achi nikli. Mop ke baad floor fresh fresh feel hota hai aur use karna بھی easy hai. Fragrance sab se achi lagi. 4.5 Fragrance sab se achi lagi.",false,2026-07-30T14:32:07.955Z
1-bottle,4,"Iqra Hassan Javed","Pleasant Lavender Scent","Used Eco Galaxy Flooring Floor Cleaner today and the floor felt fresh after mopping. The lavender fragrance is pleasant and not too strong. Would use it again.",true,2026-07-30T13:38:34.587Z
1-bottle,5,"Ali Adil Rashid","Refreshing Lavender Fragrance","Rozana floor safai ke liye use kiya. Mopping easy rahi aur lavender wali khushboo kaafi pleasant hai. Overall theek laga.",true,2026-07-29T14:34:29.746Z
1-bottle,5,"Mehwish Hadi Akhtar","Refreshing Lavender Fragrance","Used Eco Galaxy Flooring Floor Cleaner today and the floor felt fresh after mopping. The lavender fragrance is pleasant and not too strong. I liked the fragrance most. 3.5 Worth trying for regular cleaning.",true,2026-07-30T13:47:40.547Z
3-bottles,5,"Mustafa Ahmed Javed","Refreshing Lavender Fragrance","Lavender ki fragrance mujhe pasand aayi. Floor clean feel hota hai aur room mein بھی fresh smell rehti hai. Daily safai ke liye sahi hai.",true,2026-07-30T13:51:12.353Z
3-bottles,5,"Hania Noor Malik","Refreshing Lavender Fragrance","Good for normal floor cleaning. The smell stays for a while and gives the room a fresh feeling. I liked the fragrance most. 3.5 Would use it again.",true,2026-07-29T14:37:48.584Z
3-bottles,5,"Ali Ali Iqbal","Refreshing Lavender Fragrance","Khushboo expected se achi nikli. Mop ke baad floor fresh fresh feel hota hai aur use karna بھی easy hai. Daily safai ke liye sahi hai. 3 Fragrance sab se achi lagi.",true,2026-07-29T14:28:52.990Z
5-bottles,5,"Maryam Naveed Akhtar","Refreshing Lavender Fragrance","Pretty good for everyday cleaning. The fragrance is pleasant and the one liter bottle is easy to handle. I liked the fragrance most.",false,2026-07-28T13:53:55.603Z
5-bottles,4,"Zeeshan Hadi Hashmi","Pleasant Lavender Scent","Khushboo expected se achi nikli. Mop ke baad floor fresh fresh feel hota hai aur use karna بھی easy hai. Daily safai ke liye sahi hai. 4 Fragrance sab se achi lagi.",true,2026-07-29T14:34:21.043Z
1-bottle,5,"Sadia Hassan Chaudhry","Refreshing Lavender Fragrance","The lavender fragrance is nice and soft. I used it in the lounge and the floor looked clean after mopping. Pretty decent overall.",true,2026-07-29T14:35:51.690Z
1-bottle,5,"Sufyan Raza Malik","Refreshing Lavender Fragrance","Lounge mein try kiya, floor saaf laga aur fragrance bhi achi thi. Overall acha product laga mujhe. Dobara use karunga.",true,2026-07-30T14:13:43.382Z
1-bottle,4,"Yasir Sami Saeed","Pleasant Lavender Scent","Used Eco Galaxy Flooring Floor Cleaner today and the floor felt fresh after mopping. The lavender fragrance is pleasant and not too strong. Worth trying for regular cleaning. Worth trying for regular cleaning.",false,2026-07-28T14:07:16.558Z
1-bottle,5,"Yumna Naveed Aslam","Refreshing Lavender Fragrance","Rozana floor safai ke liye use kiya. Mopping easy rahi aur lavender wali khushboo kaafi pleasant hai. Abhi tak acha experience raha. Dobara use karunga.",true,2026-07-30T14:03:52.460Z
1-bottle,5,"Noor Kashan Saeed","Refreshing Lavender Fragrance","The lavender fragrance is nice and soft. I used it in the lounge and the floor looked clean after mopping. Worth trying for regular cleaning. Would use it again.",true,2026-07-30T13:49:24.238Z
3-bottles,5,"Areeba Kamil Saeed","Refreshing Lavender Fragrance","Rozana floor safai ke liye use kiya. Mopping easy rahi aur lavender wali khushboo kaafi pleasant hai. Daily safai ke liye sahi hai.",true,2026-07-30T14:09:54.341Z
3-bottles,5,"Atif Taimur Chaudhry","Refreshing Lavender Fragrance","Pretty good for everyday cleaning. The fragrance is pleasant and the one liter bottle is easy to handle. Worth trying for regular cleaning. 3.5 Good for routine mopping.",true,2026-07-28T13:45:53.547Z
3-bottles,5,"Muneeb Raza Mirza","Refreshing Lavender Fragrance","Eco Galaxy Flooring Floor Cleaner use kiya aur mop ke baad floor kaafi fresh feel hua. Lavender ki khushboo achi hai aur bohat tez nahi. Dobara use karunga. 3.9 Fragrance sab se achi lagi.",true,2026-07-30T13:47:06.133Z
5-bottles,5,"Farhan Rehan Farooq","Refreshing Lavender Fragrance","The lavender fragrance is nice and soft. I used it in the lounge and the floor looked clean after mopping. I liked the fragrance most. 4.5 I liked the fragrance most.",true,2026-07-30T14:23:47.369Z
5-bottles,5,"Huzaifa Ibrahim Mirza","Refreshing Lavender Fragrance","Khushboo expected se achi nikli. Mop ke baad floor fresh fresh feel hota hai aur use karna بھی easy hai. Fragrance sab se achi lagi. Daily safai ke liye sahi hai.",true,2026-07-29T14:10:47.597Z
1-bottle,5,"Osama Ahmed Mirza","Refreshing Lavender Fragrance","Good for normal floor cleaning. The smell stays for a while and gives the room a fresh feeling. I liked the fragrance most. 3.9 Worth trying for regular cleaning.",true,2026-07-27T14:07:26.161Z
1-bottle,5,"Sufyan Ayan Malik","Refreshing Lavender Fragrance","Rozana floor safai ke liye use kiya. Mopping easy rahi aur lavender wali khushboo kaafi pleasant hai. Dobara use karunga. 4 Daily safai ke liye sahi hai.",true,2026-07-27T13:54:12.363Z
1-bottle,5,"Saba Hassan Rashid","Refreshing Lavender Fragrance","I liked the lavender scent more than I expected. Cleaning was easy and the floor felt fresh afterward. Pretty decent overall. 3 Good for routine mopping.",true,2026-07-28T14:08:37.764Z
1-bottle,5,"Fahad Kashan Mirza","Refreshing Lavender Fragrance","Eco Galaxy Flooring Floor Cleaner use kiya aur mop ke baad floor kaafi fresh feel hua. Lavender ki khushboo achi hai aur bohat tez nahi. Abhi tak acha experience raha. 4.8 Abhi tak acha experience raha.",false,2026-07-28T13:41:58.378Z
1-bottle,5,"Saim Shayan Raza","Refreshing Lavender Fragrance","The lavender fragrance is nice and soft. I used it in the lounge and the floor looked clean after mopping. Good for routine mopping. 3.5 Would use it again.",true,2026-07-28T13:57:24.674Z
3-bottles,4,"Rayan Zubair Aslam","Pleasant Lavender Scent","Khushboo expected se achi nikli. Mop ke baad floor fresh fresh feel hota hai aur use karna بھی easy hai. Abhi tak acha experience raha. Overall theek laga.",true,2026-07-27T13:58:52.339Z
3-bottles,5,"Rafay Taimur Farooq","Refreshing Lavender Fragrance","Pretty good for everyday cleaning. The fragrance is pleasant and the one liter bottle is easy to handle. I liked the fragrance most. 4.5 I liked the fragrance most.",true,2026-07-27T14:14:20.277Z
3-bottles,5,"Zeeshan Amin Akhtar","Refreshing Lavender Fragrance","Rozana floor safai ke liye use kiya. Mopping easy rahi aur lavender wali khushboo kaafi pleasant hai. Dobara use karunga.",true,2026-07-29T14:05:20.243Z
5-bottles,5,"Sundas Shayan Hashmi","Refreshing Lavender Fragrance","Used Eco Galaxy Flooring Floor Cleaner today and the floor felt fresh after mopping. The lavender fragrance is pleasant and not too strong. Would use it again. 3.9 Good for routine mopping.",true,2026-07-28T13:47:57.514Z
5-bottles,4,"Kashif Hassan Javed","Pleasant Lavender Scent","Lounge mein try kiya, floor saaf laga aur fragrance bhi achi thi. Overall acha product laga mujhe. Dobara use karunga. 3.5 Dobara use karunga.",true,2026-07-29T14:12:16.435Z
1-bottle,5,"Talha Kashan Hussain","Refreshing Lavender Fragrance","The lavender fragrance is nice and soft. I used it in the lounge and the floor looked clean after mopping. Pretty decent overall. 3.5 Pretty decent overall.",true,2026-07-27T14:34:19.904Z
1-bottle,5,"Yumna Umar Butt","Refreshing Lavender Fragrance","Rozana floor safai ke liye use kiya. Mopping easy rahi aur lavender wali khushboo kaafi pleasant hai. Daily safai ke liye sahi hai. Daily safai ke liye sahi hai.",true,2026-07-28T14:34:32.501Z
1-bottle,5,"Shoaib Taimur Mirza","Refreshing Lavender Fragrance","I liked the lavender scent more than I expected. Cleaning was easy and the floor felt fresh afterward. Good for routine mopping.",true,2026-07-27T14:16:31.126Z
1-bottle,5,"Atif Rehan Akhtar","Refreshing Lavender Fragrance","Lavender ki fragrance mujhe pasand aayi. Floor clean feel hota hai aur room mein بھی fresh smell rehti hai. Abhi tak acha experience raha. 3.9 Daily safai ke liye sahi hai.",true,2026-07-29T13:40:26.492Z
1-bottle,5,"Saad Umar Iqbal","Refreshing Lavender Fragrance","Used Eco Galaxy Flooring Floor Cleaner today and the floor felt fresh after mopping. The lavender fragrance is pleasant and not too strong. Worth trying for regular cleaning. 4.5 Worth trying for regular cleaning.",true,2026-07-27T14:33:48.354Z
3-bottles,5,"Ayaan Taimur Hussain","Refreshing Lavender Fragrance","Lounge mein try kiya, floor saaf laga aur fragrance bhi achi thi. Overall acha product laga mujhe. Daily safai ke liye sahi hai. 3 Overall theek laga.",true,2026-07-27T13:46:40.278Z
3-bottles,5,"Rabia Rehan Saeed","Refreshing Lavender Fragrance","Used Eco Galaxy Flooring Floor Cleaner today and the floor felt fresh after mopping. The lavender fragrance is pleasant and not too strong. Pretty decent overall.",true,2026-07-28T13:58:53.402Z
3-bottles,5,"Mariam Hassan Javed","Refreshing Lavender Fragrance","Lounge mein try kiya, floor saaf laga aur fragrance bhi achi thi. Overall acha product laga mujhe. Overall theek laga.",true,2026-07-28T14:04:31.098Z
5-bottles,5,"Mahnoor Taimur Raza","Refreshing Lavender Fragrance","Pretty good for everyday cleaning. The fragrance is pleasant and the one liter bottle is easy to handle. Good for routine mopping.",true,2026-07-27T14:34:26.419Z
5-bottles,5,"Daniyal Ayan Akhtar","Refreshing Lavender Fragrance","Eco Galaxy Flooring Floor Cleaner use kiya aur mop ke baad floor kaafi fresh feel hua. Lavender ki khushboo achi hai aur bohat tez nahi. Overall theek laga. 4.8 Overall theek laga.",true,2026-07-26T14:02:57.166Z
1-bottle,5,"Eman Raza Saeed","Refreshing Lavender Fragrance","Good for normal floor cleaning. The smell stays for a while and gives the room a fresh feeling. Good for routine mopping. 3.5 Pretty decent overall.",true,2026-07-26T14:01:13.983Z
1-bottle,5,"Iqra Zubair Sheikh","Refreshing Lavender Fragrance","Eco Galaxy Flooring Floor Cleaner use kiya aur mop ke baad floor kaafi fresh feel hua. Lavender ki khushboo achi hai aur bohat tez nahi. Overall theek laga. 4.8 Fragrance sab se achi lagi.",true,2026-07-27T13:53:57.769Z
1-bottle,5,"Mahnoor Ahmed Farooq","Refreshing Lavender Fragrance","Good for normal floor cleaning. The smell stays for a while and gives the room a fresh feeling. Pretty decent overall. Would use it again.",true,2026-07-28T14:15:31.399Z
1-bottle,5,"Laiba Kashan Hashmi","Refreshing Lavender Fragrance","Lavender ki fragrance mujhe pasand aayi. Floor clean feel hota hai aur room mein بھی fresh smell rehti hai. Abhi tak acha experience raha.",true,2026-07-26T13:45:11.449Z
1-bottle,5,"Eman Kashan Khan","Refreshing Lavender Fragrance","Pretty good for everyday cleaning. The fragrance is pleasant and the one liter bottle is easy to handle. Would use it again.",true,2026-07-28T14:08:38.610Z
3-bottles,5,"Iqra Naveed Khan","Refreshing Lavender Fragrance","Rozana floor safai ke liye use kiya. Mopping easy rahi aur lavender wali khushboo kaafi pleasant hai. Daily safai ke liye sahi hai. 3.9 Abhi tak acha experience raha.",true,2026-07-26T14:01:44.706Z
3-bottles,5,"Rafay Ibrahim Hashmi","Refreshing Lavender Fragrance","The lavender fragrance is nice and soft. I used it in the lounge and the floor looked clean after mopping. Would use it again. 4.8 I liked the fragrance most.",true,2026-07-27T14:08:03.598Z
3-bottles,4,"Noor Hassan Aslam","Pleasant Lavender Scent","Lounge mein try kiya, floor saaf laga aur fragrance bhi achi thi. Overall acha product laga mujhe. Overall theek laga.",true,2026-07-28T14:26:52.607Z
5-bottles,5,"Samina Naveed Saeed","Refreshing Lavender Fragrance","Used Eco Galaxy Flooring Floor Cleaner today and the floor felt fresh after mopping. The lavender fragrance is pleasant and not too strong. Worth trying for regular cleaning. I liked the fragrance most.",true,2026-07-26T14:02:17.761Z
5-bottles,5,"Saad Sami Hashmi","Refreshing Lavender Fragrance","Rozana floor safai ke liye use kiya. Mopping easy rahi aur lavender wali khushboo kaafi pleasant hai. Abhi tak acha experience raha. Overall theek laga.",true,2026-07-28T14:31:55.097Z
1-bottle,5,"Bilal Rehan Javed","Refreshing Lavender Fragrance","Good for normal floor cleaning. The smell stays for a while and gives the room a fresh feeling. Good for routine mopping. Worth trying for regular cleaning.",true,2026-07-26T14:06:47.287Z
1-bottle,5,"Faris Rehan Siddiqui","Refreshing Lavender Fragrance","Lavender ki fragrance mujhe pasand aayi. Floor clean feel hota hai aur room mein بھی fresh smell rehti hai. Overall theek laga.",true,2026-07-28T13:49:06.374Z
1-bottle,5,"Mariam Noor Nawaz","Refreshing Lavender Fragrance","Good for normal floor cleaning. The smell stays for a while and gives the room a fresh feeling. Worth trying for regular cleaning.",true,2026-07-26T14:33:26.689Z
1-bottle,5,"Ehtisham Umar Raza","Refreshing Lavender Fragrance","Lavender ki fragrance mujhe pasand aayi. Floor clean feel hota hai aur room mein بھی fresh smell rehti hai. Fragrance sab se achi lagi. 4.8 Daily safai ke liye sahi hai.",true,2026-07-26T14:09:14.011Z
1-bottle,5,"Maryam Shayan Khan","Refreshing Lavender Fragrance","Used Eco Galaxy Flooring Floor Cleaner today and the floor felt fresh after mopping. The lavender fragrance is pleasant and not too strong. Worth trying for regular cleaning. Good for routine mopping.",true,2026-07-25T14:02:59.057Z
3-bottles,5,"Ahsan Noor Hashmi","Refreshing Lavender Fragrance","Lounge mein try kiya, floor saaf laga aur fragrance bhi achi thi. Overall acha product laga mujhe. Fragrance sab se achi lagi. 4.8 Dobara use karunga.",true,2026-07-27T13:47:46.969Z
3-bottles,5,"Arsalan Zubair Qureshi","Refreshing Lavender Fragrance","Used Eco Galaxy Flooring Floor Cleaner today and the floor felt fresh after mopping. The lavender fragrance is pleasant and not too strong. I liked the fragrance most. Worth trying for regular cleaning.",true,2026-07-27T14:36:16.494Z
3-bottles,4,"Faris Naveed Hashmi","Pleasant Lavender Scent","Lounge mein try kiya, floor saaf laga aur fragrance bhi achi thi. Overall acha product laga mujhe. Abhi tak acha experience raha.",true,2026-07-26T14:16:04.035Z
5-bottles,4,"Aariz Faisal Butt","Pleasant Lavender Scent","The lavender fragrance is nice and soft. I used it in the lounge and the floor looked clean after mopping. I liked the fragrance most.",true,2026-07-27T14:02:13.024Z
5-bottles,4,"Ahsan Kashan Khan","Pleasant Lavender Scent","Khushboo expected se achi nikli. Mop ke baad floor fresh fresh feel hota hai aur use karna بھی easy hai. Fragrance sab se achi lagi. Fragrance sab se achi lagi.",true,2026-07-25T14:31:24.376Z
1-bottle,4,"Mehwish Noor Rashid","Pleasant Lavender Scent","I liked the lavender scent more than I expected. Cleaning was easy and the floor felt fresh afterward. Pretty decent overall. 3 Worth trying for regular cleaning.",true,2026-07-26T14:28:27.950Z
1-bottle,5,"Ali Ahmed Javed","Refreshing Lavender Fragrance","Eco Galaxy Flooring Floor Cleaner use kiya aur mop ke baad floor kaafi fresh feel hua. Lavender ki khushboo achi hai aur bohat tez nahi. Dobara use karunga. 3.9 Fragrance sab se achi lagi.",true,2026-07-27T13:54:37.751Z
1-bottle,5,"Arsalan Ali Aslam","Refreshing Lavender Fragrance","Good for normal floor cleaning. The smell stays for a while and gives the room a fresh feeling. Pretty decent overall. Would use it again.",true,2026-07-25T14:15:25.969Z
1-bottle,5,"Huzaifa Noor Siddiqui","Refreshing Lavender Fragrance","Khushboo expected se achi nikli. Mop ke baad floor fresh fresh feel hota hai aur use karna بھی easy hai. Abhi tak acha experience raha. Abhi tak acha experience raha.",true,2026-07-26T14:22:15.307Z
1-bottle,4,"Ehtisham Kashan Sheikh","Pleasant Lavender Scent","Good for normal floor cleaning. The smell stays for a while and gives the room a fresh feeling. Good for routine mopping. 4.8 I liked the fragrance most.",true,2026-07-26T13:40:10.770Z
3-bottles,5,"Daniyal Hassan Akhtar","Refreshing Lavender Fragrance","Khushboo expected se achi nikli. Mop ke baad floor fresh fresh feel hota hai aur use karna بھی easy hai. Dobara use karunga. 4 Dobara use karunga.",true,2026-07-25T13:52:19.230Z
3-bottles,5,"Hassan Amin Chaudhry","Refreshing Lavender Fragrance","I liked the lavender scent more than I expected. Cleaning was easy and the floor felt fresh afterward. Good for routine mopping.",true,2026-07-26T13:54:21.990Z
3-bottles,5,"Maham Shayan Khan","Refreshing Lavender Fragrance","Lavender ki fragrance mujhe pasand aayi. Floor clean feel hota hai aur room mein بھی fresh smell rehti hai. Fragrance sab se achi lagi. 4.5 Abhi tak acha experience raha.",true,2026-07-26T14:32:22.003Z
5-bottles,5,"Sana Kashan Akhtar","Refreshing Lavender Fragrance","Used Eco Galaxy Flooring Floor Cleaner today and the floor felt fresh after mopping. The lavender fragrance is pleasant and not too strong. Would use it again.",true,2026-07-26T13:56:11.598Z
5-bottles,5,"Irfan Hassan Iqbal","Refreshing Lavender Fragrance","Eco Galaxy Flooring Floor Cleaner use kiya aur mop ke baad floor kaafi fresh feel hua. Lavender ki khushboo achi hai aur bohat tez nahi. Overall theek laga. 4.8 Fragrance sab se achi lagi.",true,2026-07-25T14:21:58.646Z
1-bottle,4,"Usman Kamil Aslam","Pleasant Lavender Scent","Used Eco Galaxy Flooring Floor Cleaner today and the floor felt fresh after mopping. The lavender fragrance is pleasant and not too strong. Worth trying for regular cleaning. 3 Would use it again.",true,2026-07-24T13:52:20.498Z
1-bottle,4,"Imran Rehan Butt","Pleasant Lavender Scent","Eco Galaxy Flooring Floor Cleaner use kiya aur mop ke baad floor kaafi fresh feel hua. Lavender ki khushboo achi hai aur bohat tez nahi. Dobara use karunga. 3.9 Abhi tak acha experience raha.",true,2026-07-25T13:51:43.898Z
1-bottle,5,"Saba Umar Hussain","Refreshing Lavender Fragrance","The lavender fragrance is nice and soft. I used it in the lounge and the floor looked clean after mopping. I liked the fragrance most.",true,2026-07-25T14:28:29.184Z
1-bottle,5,"Hiba Amin Farooq","Refreshing Lavender Fragrance","Lavender ki fragrance mujhe pasand aayi. Floor clean feel hota hai aur room mein بھی fresh smell rehti hai. Daily safai ke liye sahi hai. Dobara use karunga.",true,2026-07-25T13:46:00.338Z
1-bottle,5,"Adeel Shayan Chaudhry","Refreshing Lavender Fragrance","Pretty good for everyday cleaning. The fragrance is pleasant and the one liter bottle is easy to handle. Good for routine mopping. 3.5 I liked the fragrance most.",true,2026-07-24T14:02:31.126Z
3-bottles,5,"Saba Sami Raza","Refreshing Lavender Fragrance","Lounge mein try kiya, floor saaf laga aur fragrance bhi achi thi. Overall acha product laga mujhe. Overall theek laga. 3.5 Abhi tak acha experience raha.",true,2026-07-26T14:31:44.931Z
3-bottles,4,"Hiba Kashan Farooq","Pleasant Lavender Scent","Used Eco Galaxy Flooring Floor Cleaner today and the floor felt fresh after mopping. The lavender fragrance is pleasant and not too strong. Good for routine mopping.",true,2026-07-24T13:38:41.194Z
3-bottles,5,"Maham Ali Hashmi","Refreshing Lavender Fragrance","Lounge mein try kiya, floor saaf laga aur fragrance bhi achi thi. Overall acha product laga mujhe. Abhi tak acha experience raha.",true,2026-07-25T14:28:17.507Z
5-bottles,4,"Sameer Shayan Nawaz","Pleasant Lavender Scent","Pretty good for everyday cleaning. The fragrance is pleasant and the one liter bottle is easy to handle. Good for routine mopping.",true,2026-07-25T14:08:41.857Z
5-bottles,5,"Daniyal Kashan Saeed","Refreshing Lavender Fragrance","Eco Galaxy Flooring Floor Cleaner use kiya aur mop ke baad floor kaafi fresh feel hua. Lavender ki khushboo achi hai aur bohat tez nahi. Fragrance sab se achi lagi. Abhi tak acha experience raha.",true,2026-07-24T13:45:40.525Z
1-bottle,5,"Rehan Umar Hashmi","Refreshing Lavender Fragrance","Good for normal floor cleaning. The smell stays for a while and gives the room a fresh feeling. Pretty decent overall.",true,2026-07-24T13:56:11.976Z
1-bottle,5,"Danish Ali Akhtar","Refreshing Lavender Fragrance","Lavender ki fragrance mujhe pasand aayi. Floor clean feel hota hai aur room mein بھی fresh smell rehti hai. Abhi tak acha experience raha. Overall theek laga.",true,2026-07-26T13:54:08.968Z
1-bottle,5,"Hania Amin Akhtar","Refreshing Lavender Fragrance","The lavender fragrance is nice and soft. I used it in the lounge and the floor looked clean after mopping. Worth trying for regular cleaning. 3.9 Good for routine mopping.",true,2026-07-25T14:26:28.066Z
1-bottle,5,"Iqra Kamil Saeed","Refreshing Lavender Fragrance","Rozana floor safai ke liye use kiya. Mopping easy rahi aur lavender wali khushboo kaafi pleasant hai. Daily safai ke liye sahi hai.",true,2026-07-24T13:54:10.274Z
1-bottle,5,"Sameer Rehan Farooq","Refreshing Lavender Fragrance","Used Eco Galaxy Flooring Floor Cleaner today and the floor felt fresh after mopping. The lavender fragrance is pleasant and not too strong. I liked the fragrance most. 4.5 Good for routine mopping.",true,2026-07-25T14:34:47.428Z
3-bottles,5,"Jibran Ali Malik","Refreshing Lavender Fragrance","Lavender ki fragrance mujhe pasand aayi. Floor clean feel hota hai aur room mein بھی fresh smell rehti hai. Dobara use karunga. Daily safai ke liye sahi hai.",true,2026-07-26T13:59:42.935Z
3-bottles,5,"Saim Kashan Qureshi","Refreshing Lavender Fragrance","I liked the lavender scent more than I expected. Cleaning was easy and the floor felt fresh afterward. I liked the fragrance most. 4 I liked the fragrance most.",true,2026-07-26T14:07:14.626Z
3-bottles,4,"Faris Umar Javed","Pleasant Lavender Scent","Khushboo expected se achi nikli. Mop ke baad floor fresh fresh feel hota hai aur use karna بھی easy hai. Daily safai ke liye sahi hai.",true,2026-07-25T13:56:09.650Z
5-bottles,5,"Irfan Ahmed Malik","Refreshing Lavender Fragrance","I liked the lavender scent more than I expected. Cleaning was easy and the floor felt fresh afterward. Would use it again. Worth trying for regular cleaning.",true,2026-07-25T14:08:14.003Z
5-bottles,5,"Aariz Shayan Javed","Refreshing Lavender Fragrance","Eco Galaxy Flooring Floor Cleaner use kiya aur mop ke baad floor kaafi fresh feel hua. Lavender ki khushboo achi hai aur bohat tez nahi. Overall theek laga.",true,2026-07-25T13:53:45.539Z
1-bottle,4,"Arham Faisal Khan","Pleasant Lavender Scent","The lavender fragrance is nice and soft. I used it in the lounge and the floor looked clean after mopping. Good for routine mopping. 3.5 Worth trying for regular cleaning.",true,2026-07-23T14:02:50.095Z
1-bottle,5,"Osama Hassan Khan","Refreshing Lavender Fragrance","Khushboo expected se achi nikli. Mop ke baad floor fresh fresh feel hota hai aur use karna بھی easy hai. Daily safai ke liye sahi hai. 3.5 Overall theek laga.",true,2026-07-24T14:11:08.406Z
1-bottle,5,"Sadia Ahmed Butt","Refreshing Lavender Fragrance","Pretty good for everyday cleaning. The fragrance is pleasant and the one liter bottle is easy to handle. Worth trying for regular cleaning.",true,2026-07-25T13:51:58.342Z
1-bottle,4,"Faris Raza Hashmi","Pleasant Lavender Scent","Lounge mein try kiya, floor saaf laga aur fragrance bhi achi thi. Overall acha product laga mujhe. Overall theek laga.",true,2026-07-24T14:09:59.973Z
1-bottle,5,"Sundas Hadi Chaudhry","Refreshing Lavender Fragrance","I liked the lavender scent more than I expected. Cleaning was easy and the floor felt fresh afterward. Good for routine mopping. 3 Good for routine mopping.",true,2026-07-23T14:09:37.880Z
3-bottles,5,"Zara Kashan Qureshi","Refreshing Lavender Fragrance","Khushboo expected se achi nikli. Mop ke baad floor fresh fresh feel hota hai aur use karna بھی easy hai. Overall theek laga. 3 Daily safai ke liye sahi hai.",true,2026-07-23T14:03:36.737Z
3-bottles,5,"Hassan Naveed Saeed","Refreshing Lavender Fragrance","Good for normal floor cleaning. The smell stays for a while and gives the room a fresh feeling. Worth trying for regular cleaning.",true,2026-07-23T14:24:15.361Z
3-bottles,4,"Usman Faisal Butt","Pleasant Lavender Scent","Lavender ki fragrance mujhe pasand aayi. Floor clean feel hota hai aur room mein بھی fresh smell rehti hai. Fragrance sab se achi lagi. Fragrance sab se achi lagi.",true,2026-07-25T13:50:48.412Z
5-bottles,5,"Areeba Ayan Sheikh","Refreshing Lavender Fragrance","Used Eco Galaxy Flooring Floor Cleaner today and the floor felt fresh after mopping. The lavender fragrance is pleasant and not too strong. Good for routine mopping. 3.9 Worth trying for regular cleaning.",true,2026-07-24T13:59:10.983Z
5-bottles,5,"Muneeb Umar Malik","Refreshing Lavender Fragrance","Khushboo expected se achi nikli. Mop ke baad floor fresh fresh feel hota hai aur use karna بھی easy hai. Dobara use karunga. Abhi tak acha experience raha.",true,2026-07-25T14:32:06.192Z
1-bottle,5,"Rafay Sami Sheikh","Refreshing Lavender Fragrance","The lavender fragrance is nice and soft. I used it in the lounge and the floor looked clean after mopping. Would use it again.",true,2026-07-23T13:46:35.818Z
1-bottle,5,"Sana Zubair Akhtar","Refreshing Lavender Fragrance","Eco Galaxy Flooring Floor Cleaner use kiya aur mop ke baad floor kaafi fresh feel hua. Lavender ki khushboo achi hai aur bohat tez nahi. Abhi tak acha experience raha.",true,2026-07-23T14:26:24.366Z
1-bottle,5,"Noman Adil Javed","Refreshing Lavender Fragrance","The lavender fragrance is nice and soft. I used it in the lounge and the floor looked clean after mopping. Worth trying for regular cleaning. 4 I liked the fragrance most.",true,2026-07-25T13:50:41.407Z
1-bottle,5,"Noman Rehan Khan","Refreshing Lavender Fragrance","Eco Galaxy Flooring Floor Cleaner use kiya aur mop ke baad floor kaafi fresh feel hua. Lavender ki khushboo achi hai aur bohat tez nahi. Daily safai ke liye sahi hai.",true,2026-07-23T14:27:01.117Z
1-bottle,5,"Jibran Ibrahim Saeed","Refreshing Lavender Fragrance","Good for normal floor cleaning. The smell stays for a while and gives the room a fresh feeling. Worth trying for regular cleaning. 3.5 Worth trying for regular cleaning.",true,2026-07-23T13:40:22.638Z
3-bottles,5,"Ashar Noor Akhtar","Refreshing Lavender Fragrance","Khushboo expected se achi nikli. Mop ke baad floor fresh fresh feel hota hai aur use karna بھی easy hai. Dobara use karunga.",true,2026-07-23T14:19:57.314Z
3-bottles,5,"Danish Taimur Malik","Refreshing Lavender Fragrance","The lavender fragrance is nice and soft. I used it in the lounge and the floor looked clean after mopping. Good for routine mopping. 3.5 Worth trying for regular cleaning.",true,2026-07-22T13:43:57.066Z
3-bottles,5,"Atif Ibrahim Aslam","Refreshing Lavender Fragrance","Eco Galaxy Flooring Floor Cleaner use kiya aur mop ke baad floor kaafi fresh feel hua. Lavender ki khushboo achi hai aur bohat tez nahi. Fragrance sab se achi lagi. Abhi tak acha experience raha.",false,2026-07-24T13:55:12.172Z
5-bottles,5,"Iqra Taimur Javed","Refreshing Lavender Fragrance","The lavender fragrance is nice and soft. I used it in the lounge and the floor looked clean after mopping. Worth trying for regular cleaning. 4.8 Would use it again.",true,2026-07-24T13:41:11.171Z
5-bottles,4,"Yasir Rehan Javed","Pleasant Lavender Scent","Lavender ki fragrance mujhe pasand aayi. Floor clean feel hota hai aur room mein بھی fresh smell rehti hai. Dobara use karunga. 3.9 Fragrance sab se achi lagi.",true,2026-07-22T14:15:19.982Z
1-bottle,5,"Zeeshan Raza Malik","Refreshing Lavender Fragrance","Pretty good for everyday cleaning. The fragrance is pleasant and the one liter bottle is easy to handle. I liked the fragrance most. 3.9 Would use it again.",true,2026-07-22T13:41:01.946Z
1-bottle,5,"Hania Faisal Mirza","Refreshing Lavender Fragrance","Khushboo expected se achi nikli. Mop ke baad floor fresh fresh feel hota hai aur use karna بھی easy hai. Abhi tak acha experience raha.",true,2026-07-23T14:13:38.401Z
1-bottle,5,"Noor Hassan Malik","Refreshing Lavender Fragrance","Good for normal floor cleaning. The smell stays for a while and gives the room a fresh feeling. Pretty decent overall. 4.8 I liked the fragrance most.",true,2026-07-24T14:22:01.153Z
1-bottle,5,"Saad Amin Malik","Refreshing Lavender Fragrance","Eco Galaxy Flooring Floor Cleaner use kiya aur mop ke baad floor kaafi fresh feel hua. Lavender ki khushboo achi hai aur bohat tez nahi. Dobara use karunga. 4.8 Abhi tak acha experience raha.",true,2026-07-22T13:52:59.650Z
1-bottle,5,"Mehwish Hadi Mirza","Refreshing Lavender Fragrance","I liked the lavender scent more than I expected. Cleaning was easy and the floor felt fresh afterward. Would use it again. 3.9 Would use it again.",true,2026-07-22T13:52:57.391Z
3-bottles,4,"Rabia Ibrahim Javed","Pleasant Lavender Scent","Khushboo expected se achi nikli. Mop ke baad floor fresh fresh feel hota hai aur use karna بھی easy hai. Fragrance sab se achi lagi. 3 Daily safai ke liye sahi hai.",true,2026-07-22T14:28:46.067Z
3-bottles,5,"Sadia Adil Iqbal","Refreshing Lavender Fragrance","The lavender fragrance is nice and soft. I used it in the lounge and the floor looked clean after mopping. I liked the fragrance most. 3 Pretty decent overall.",true,2026-07-23T14:05:19.204Z
3-bottles,4,"Muneeb Faisal Malik","Pleasant Lavender Scent","Lavender ki fragrance mujhe pasand aayi. Floor clean feel hota hai aur room mein بھی fresh smell rehti hai. Dobara use karunga. 4.5 Dobara use karunga.",true,2026-07-22T14:07:04.474Z
5-bottles,5,"Ashar Ibrahim Qureshi","Refreshing Lavender Fragrance","Good for normal floor cleaning. The smell stays for a while and gives the room a fresh feeling. Good for routine mopping. Worth trying for regular cleaning.",true,2026-07-23T14:04:01.158Z
5-bottles,5,"Yumna Hadi Hashmi","Refreshing Lavender Fragrance","Khushboo expected se achi nikli. Mop ke baad floor fresh fresh feel hota hai aur use karna بھی easy hai. Fragrance sab se achi lagi. 3.5 Dobara use karunga.",true,2026-07-22T13:50:43.860Z
1-bottle,5,"Hania Kashan Chaudhry","Refreshing Lavender Fragrance","The lavender fragrance is nice and soft. I used it in the lounge and the floor looked clean after mopping. Good for routine mopping. 4.8 I liked the fragrance most.",true,2026-07-22T14:36:18.058Z
1-bottle,4,"Maryam Hadi Qureshi","Pleasant Lavender Scent","Lounge mein try kiya, floor saaf laga aur fragrance bhi achi thi. Overall acha product laga mujhe. Fragrance sab se achi lagi. 3.5 Abhi tak acha experience raha.",true,2026-07-21T14:21:04.807Z
1-bottle,5,"Shoaib Kashan Qureshi","Refreshing Lavender Fragrance","Used Eco Galaxy Flooring Floor Cleaner today and the floor felt fresh after mopping. The lavender fragrance is pleasant and not too strong. Pretty decent overall. 4 Pretty decent overall.",true,2026-07-22T13:53:41.718Z
1-bottle,5,"Hiba Ibrahim Sheikh","Refreshing Lavender Fragrance","Eco Galaxy Flooring Floor Cleaner use kiya aur mop ke baad floor kaafi fresh feel hua. Lavender ki khushboo achi hai aur bohat tez nahi. Overall theek laga.",true,2026-07-23T13:53:58.525Z
1-bottle,5,"Haris Amin Raza","Refreshing Lavender Fragrance","The lavender fragrance is nice and soft. I used it in the lounge and the floor looked clean after mopping. Pretty decent overall. 4 I liked the fragrance most.",true,2026-07-23T13:44:02.593Z
3-bottles,5,"Ibrahim Naveed Sheikh","Refreshing Lavender Fragrance","Lavender ki fragrance mujhe pasand aayi. Floor clean feel hota hai aur room mein بھی fresh smell rehti hai. Dobara use karunga.",true,2026-07-23T13:40:15.124Z
3-bottles,4,"Rayan Ali Hussain","Pleasant Lavender Scent","The lavender fragrance is nice and soft. I used it in the lounge and the floor looked clean after mopping. I liked the fragrance most. 4.8 Worth trying for regular cleaning.",true,2026-07-21T13:43:53.788Z
3-bottles,5,"Omer Shayan Mirza","Refreshing Lavender Fragrance","Khushboo expected se achi nikli. Mop ke baad floor fresh fresh feel hota hai aur use karna بھی easy hai. Fragrance sab se achi lagi. 4 Abhi tak acha experience raha.",true,2026-07-21T13:42:54.141Z
5-bottles,4,"Adeel Kamil Iqbal","Pleasant Lavender Scent","I liked the lavender scent more than I expected. Cleaning was easy and the floor felt fresh afterward. I liked the fragrance most.",true,2026-07-23T13:49:29.286Z
5-bottles,5,"Saim Raza Mirza","Refreshing Lavender Fragrance","Lavender ki fragrance mujhe pasand aayi. Floor clean feel hota hai aur room mein بھی fresh smell rehti hai. Daily safai ke liye sahi hai.",true,2026-07-22T14:37:31.265Z
1-bottle,5,"Nadia Sami Javed","Refreshing Lavender Fragrance","The lavender fragrance is nice and soft. I used it in the lounge and the floor looked clean after mopping. Would use it again. 4.5 I liked the fragrance most.",true,2026-07-22T14:27:51.483Z
1-bottle,5,"Kashif Ahmed Siddiqui","Refreshing Lavender Fragrance","Eco Galaxy Flooring Floor Cleaner use kiya aur mop ke baad floor kaafi fresh feel hua. Lavender ki khushboo achi hai aur bohat tez nahi. Abhi tak acha experience raha.",true,2026-07-23T13:40:31.374Z
1-bottle,5,"Ahsan Umar Rashid","Refreshing Lavender Fragrance","Used Eco Galaxy Flooring Floor Cleaner today and the floor felt fresh after mopping. The lavender fragrance is pleasant and not too strong. Worth trying for regular cleaning. Pretty decent overall.",false,2026-07-23T13:39:51.796Z
1-bottle,5,"Fatima Hadi Iqbal","Refreshing Lavender Fragrance","Eco Galaxy Flooring Floor Cleaner use kiya aur mop ke baad floor kaafi fresh feel hua. Lavender ki khushboo achi hai aur bohat tez nahi. Daily safai ke liye sahi hai.",true,2026-07-22T14:20:54.185Z
1-bottle,4,"Sameer Kashan Siddiqui","Pleasant Lavender Scent","Pretty good for everyday cleaning. The fragrance is pleasant and the one liter bottle is easy to handle. Worth trying for regular cleaning. 4.8 Worth trying for regular cleaning.",true,2026-07-23T13:39:17.644Z
3-bottles,4,"Yumna Hassan Iqbal","Pleasant Lavender Scent","Lavender ki fragrance mujhe pasand aayi. Floor clean feel hota hai aur room mein بھی fresh smell rehti hai. Abhi tak acha experience raha. 4 Abhi tak acha experience raha.",true,2026-07-22T13:47:27.755Z
3-bottles,5,"Areeba Kamil Akhtar","Refreshing Lavender Fragrance","The lavender fragrance is nice and soft. I used it in the lounge and the floor looked clean after mopping. Pretty decent overall.",true,2026-07-22T14:31:08.338Z
3-bottles,4,"Noor Kashan Chaudhry","Pleasant Lavender Scent","Khushboo expected se achi nikli. Mop ke baad floor fresh fresh feel hota hai aur use karna بھی easy hai. Abhi tak acha experience raha. Overall theek laga.",true,2026-07-21T13:51:03.876Z
5-bottles,4,"Sufyan Rehan Iqbal","Pleasant Lavender Scent","Pretty good for everyday cleaning. The fragrance is pleasant and the one liter bottle is easy to handle. Pretty decent overall. I liked the fragrance most.",true,2026-07-21T14:30:54.842Z
5-bottles,4,"Sameer Ali Nawaz","Pleasant Lavender Scent","Lavender ki fragrance mujhe pasand aayi. Floor clean feel hota hai aur room mein بھی fresh smell rehti hai. Fragrance sab se achi lagi. Overall theek laga.",true,2026-07-20T13:58:22.347Z
1-bottle,5,"Zain Taimur Butt","Refreshing Lavender Fragrance","Pretty good for everyday cleaning. The fragrance is pleasant and the one liter bottle is easy to handle. Pretty decent overall. 4.8 Good for routine mopping.",true,2026-07-20T14:31:09.953Z
1-bottle,4,"Ashar Kamil Saeed","Pleasant Lavender Scent","Rozana floor safai ke liye use kiya. Mopping easy rahi aur lavender wali khushboo kaafi pleasant hai. Fragrance sab se achi lagi. Dobara use karunga.",true,2026-07-20T13:40:21.530Z
1-bottle,4,"Fatima Ayan Siddiqui","Pleasant Lavender Scent","I liked the lavender scent more than I expected. Cleaning was easy and the floor felt fresh afterward. Good for routine mopping. 4 I liked the fragrance most.",true,2026-07-22T13:53:53.335Z
1-bottle,5,"Rehan Taimur Iqbal","Refreshing Lavender Fragrance","Rozana floor safai ke liye use kiya. Mopping easy rahi aur lavender wali khushboo kaafi pleasant hai. Fragrance sab se achi lagi. 3.5 Dobara use karunga.",true,2026-07-20T14:34:57.625Z
1-bottle,5,"Nadia Raza Mirza","Refreshing Lavender Fragrance","The lavender fragrance is nice and soft. I used it in the lounge and the floor looked clean after mopping. I liked the fragrance most. 3.9 I liked the fragrance most.",true,2026-07-20T14:08:08.310Z
3-bottles,5,"Mehwish Ali Javed","Refreshing Lavender Fragrance","Rozana floor safai ke liye use kiya. Mopping easy rahi aur lavender wali khushboo kaafi pleasant hai. Dobara use karunga. Fragrance sab se achi lagi.",true,2026-07-21T14:36:24.673Z
3-bottles,5,"Aariz Hadi Baig","Refreshing Lavender Fragrance","Pretty good for everyday cleaning. The fragrance is pleasant and the one liter bottle is easy to handle. Good for routine mopping. Good for routine mopping.",true,2026-07-22T13:43:51.021Z
3-bottles,5,"Usman Hassan Rashid","Refreshing Lavender Fragrance","Lavender ki fragrance mujhe pasand aayi. Floor clean feel hota hai aur room mein بھی fresh smell rehti hai. Dobara use karunga.",true,2026-07-22T13:51:04.911Z
5-bottles,4,"Rabia Ahmed Mirza","Pleasant Lavender Scent","Pretty good for everyday cleaning. The fragrance is pleasant and the one liter bottle is easy to handle. Would use it again. Would use it again.",true,2026-07-22T13:54:07.075Z
5-bottles,5,"Eesa Kamil Siddiqui","Refreshing Lavender Fragrance","Khushboo expected se achi nikli. Mop ke baad floor fresh fresh feel hota hai aur use karna بھی easy hai. Overall theek laga. 3 Dobara use karunga.",true,2026-07-21T13:44:34.884Z
1-bottle,5,"Omer Faisal Raza","Refreshing Lavender Fragrance","Good for normal floor cleaning. The smell stays for a while and gives the room a fresh feeling. Worth trying for regular cleaning. 3.5 I liked the fragrance most.",true,2026-07-20T14:30:39.183Z
1-bottle,5,"Maham Hadi Siddiqui","Refreshing Lavender Fragrance","Rozana floor safai ke liye use kiya. Mopping easy rahi aur lavender wali khushboo kaafi pleasant hai. Dobara use karunga. 3.5 Fragrance sab se achi lagi.",true,2026-07-22T14:34:12.790Z
1-bottle,5,"Mahnoor Adil Nawaz","Refreshing Lavender Fragrance","Pretty good for everyday cleaning. The fragrance is pleasant and the one liter bottle is easy to handle. Worth trying for regular cleaning. 4.5 Would use it again.",true,2026-07-22T13:49:57.160Z
1-bottle,5,"Sarah Umar Mirza","Refreshing Lavender Fragrance","Eco Galaxy Flooring Floor Cleaner use kiya aur mop ke baad floor kaafi fresh feel hua. Lavender ki khushboo achi hai aur bohat tez nahi. Overall theek laga. Fragrance sab se achi lagi.",false,2026-07-21T13:39:57.002Z
1-bottle,5,"Fahad Hadi Qureshi","Refreshing Lavender Fragrance","Good for normal floor cleaning. The smell stays for a while and gives the room a fresh feeling. I liked the fragrance most. 3.5 Worth trying for regular cleaning.",true,2026-07-19T14:06:05.452Z
3-bottles,5,"Salman Naveed Baig","Refreshing Lavender Fragrance","Eco Galaxy Flooring Floor Cleaner use kiya aur mop ke baad floor kaafi fresh feel hua. Lavender ki khushboo achi hai aur bohat tez nahi. Abhi tak acha experience raha. Fragrance sab se achi lagi.",true,2026-07-20T14:11:50.898Z
3-bottles,5,"Mahnoor Noor Nawaz","Refreshing Lavender Fragrance","Good for normal floor cleaning. The smell stays for a while and gives the room a fresh feeling. Would use it again. 3.5 I liked the fragrance most.",true,2026-07-20T13:51:36.378Z
3-bottles,5,"Huzaifa Shayan Raza","Refreshing Lavender Fragrance","Khushboo expected se achi nikli. Mop ke baad floor fresh fresh feel hota hai aur use karna بھی easy hai. Dobara use karunga.",true,2026-07-21T14:02:58.868Z
5-bottles,5,"Areeba Hassan Javed","Refreshing Lavender Fragrance","Good for normal floor cleaning. The smell stays for a while and gives the room a fresh feeling. Good for routine mopping. 4.8 I liked the fragrance most.",true,2026-07-21T14:10:38.764Z
5-bottles,5,"Adeel Hadi Rashid","Refreshing Lavender Fragrance","Eco Galaxy Flooring Floor Cleaner use kiya aur mop ke baad floor kaafi fresh feel hua. Lavender ki khushboo achi hai aur bohat tez nahi. Abhi tak acha experience raha.",true,2026-07-19T14:03:55.830Z
1-bottle,5,"Eesa Ayan Mirza","Refreshing Lavender Fragrance","I liked the lavender scent more than I expected. Cleaning was easy and the floor felt fresh afterward. Good for routine mopping. Worth trying for regular cleaning.",true,2026-07-19T13:55:49.440Z
1-bottle,5,"Fatima Naveed Khan","Refreshing Lavender Fragrance","Khushboo expected se achi nikli. Mop ke baad floor fresh fresh feel hota hai aur use karna بھی easy hai. Fragrance sab se achi lagi. Dobara use karunga.",false,2026-07-21T14:36:22.469Z
1-bottle,5,"Ayaan Ali Butt","Refreshing Lavender Fragrance","Used Eco Galaxy Flooring Floor Cleaner today and the floor felt fresh after mopping. The lavender fragrance is pleasant and not too strong. Pretty decent overall. 4 I liked the fragrance most.",true,2026-07-21T14:05:53.831Z
1-bottle,5,"Farhan Taimur Akhtar","Refreshing Lavender Fragrance","Rozana floor safai ke liye use kiya. Mopping easy rahi aur lavender wali khushboo kaafi pleasant hai. Daily safai ke liye sahi hai. 3 Fragrance sab se achi lagi.",true,2026-07-20T14:03:28.901Z
1-bottle,5,"Rayan Hassan Raza","Refreshing Lavender Fragrance","Used Eco Galaxy Flooring Floor Cleaner today and the floor felt fresh after mopping. The lavender fragrance is pleasant and not too strong. Good for routine mopping. 4.5 Good for routine mopping.",true,2026-07-19T14:29:52.675Z
3-bottles,5,"Rehan Adil Raza","Refreshing Lavender Fragrance","Lounge mein try kiya, floor saaf laga aur fragrance bhi achi thi. Overall acha product laga mujhe. Daily safai ke liye sahi hai. 3 Daily safai ke liye sahi hai.",true,2026-07-19T13:55:35.297Z
3-bottles,5,"Rayan Kashan Rashid","Refreshing Lavender Fragrance","The lavender fragrance is nice and soft. I used it in the lounge and the floor looked clean after mopping. I liked the fragrance most. 3.5 I liked the fragrance most.",true,2026-07-21T14:11:33.698Z
3-bottles,5,"Asad Ayan Khan","Refreshing Lavender Fragrance","Lavender ki fragrance mujhe pasand aayi. Floor clean feel hota hai aur room mein بھی fresh smell rehti hai. Overall theek laga. 4 Daily safai ke liye sahi hai.",true,2026-07-20T14:30:12.020Z
5-bottles,5,"Ali Hadi Malik","Refreshing Lavender Fragrance","The lavender fragrance is nice and soft. I used it in the lounge and the floor looked clean after mopping. Good for routine mopping.",true,2026-07-21T13:48:13.269Z
5-bottles,5,"Ehtisham Adil Javed","Refreshing Lavender Fragrance","Lounge mein try kiya, floor saaf laga aur fragrance bhi achi thi. Overall acha product laga mujhe. Abhi tak acha experience raha. Overall theek laga.",true,2026-07-19T14:01:48.582Z
1-bottle,5,"Nadia Naveed Aslam","Refreshing Lavender Fragrance","I liked the lavender scent more than I expected. Cleaning was easy and the floor felt fresh afterward. Worth trying for regular cleaning. 4 Would use it again.",true,2026-07-20T14:34:29.981Z
1-bottle,5,"Nimra Umar Hussain","Refreshing Lavender Fragrance","Rozana floor safai ke liye use kiya. Mopping easy rahi aur lavender wali khushboo kaafi pleasant hai. Dobara use karunga. Fragrance sab se achi lagi.",true,2026-07-20T13:53:12.205Z
1-bottle,5,"Ayesha Umar Farooq","Refreshing Lavender Fragrance","Good for normal floor cleaning. The smell stays for a while and gives the room a fresh feeling. Would use it again.",true,2026-07-18T13:38:37.216Z
1-bottle,5,"Faris Ahmed Malik","Refreshing Lavender Fragrance","Lounge mein try kiya, floor saaf laga aur fragrance bhi achi thi. Overall acha product laga mujhe. Abhi tak acha experience raha. 4.8 Fragrance sab se achi lagi.",true,2026-07-18T14:11:56.618Z
1-bottle,5,"Jibran Hadi Aslam","Refreshing Lavender Fragrance","Good for normal floor cleaning. The smell stays for a while and gives the room a fresh feeling. Would use it again. 3.9 Would use it again.",true,2026-07-19T14:02:09.011Z
3-bottles,5,"Usman Kashan Farooq","Refreshing Lavender Fragrance","Rozana floor safai ke liye use kiya. Mopping easy rahi aur lavender wali khushboo kaafi pleasant hai. Daily safai ke liye sahi hai. 4.8 Daily safai ke liye sahi hai.",true,2026-07-20T14:05:50.714Z
3-bottles,5,"Sonia Raza Sheikh","Refreshing Lavender Fragrance","Used Eco Galaxy Flooring Floor Cleaner today and the floor felt fresh after mopping. The lavender fragrance is pleasant and not too strong. Pretty decent overall. 4 Worth trying for regular cleaning.",true,2026-07-19T14:34:04.116Z
3-bottles,5,"Sidra Naveed Akhtar","Refreshing Lavender Fragrance","Lounge mein try kiya, floor saaf laga aur fragrance bhi achi thi. Overall acha product laga mujhe. Fragrance sab se achi lagi. 4.5 Abhi tak acha experience raha.",true,2026-07-20T14:20:09.598Z
5-bottles,5,"Noor Raza Malik","Refreshing Lavender Fragrance","Good for normal floor cleaning. The smell stays for a while and gives the room a fresh feeling. Pretty decent overall. 4 Pretty decent overall.",true,2026-07-18T13:56:44.560Z
5-bottles,5,"Ibrahim Umar Nawaz","Refreshing Lavender Fragrance","Rozana floor safai ke liye use kiya. Mopping easy rahi aur lavender wali khushboo kaafi pleasant hai. Daily safai ke liye sahi hai. Overall theek laga.",true,2026-07-20T14:23:07.138Z
1-bottle,5,"Mustafa Noor Butt","Refreshing Lavender Fragrance","Used Eco Galaxy Flooring Floor Cleaner today and the floor felt fresh after mopping. The lavender fragrance is pleasant and not too strong. Worth trying for regular cleaning. 4 Would use it again.",true,2026-07-19T13:41:52.616Z
1-bottle,5,"Hamza Ayan Akhtar","Refreshing Lavender Fragrance","Rozana floor safai ke liye use kiya. Mopping easy rahi aur lavender wali khushboo kaafi pleasant hai. Abhi tak acha experience raha. 4.5 Dobara use karunga.",true,2026-07-19T14:02:13.007Z
1-bottle,5,"Osama Hadi Sheikh","Refreshing Lavender Fragrance","I liked the lavender scent more than I expected. Cleaning was easy and the floor felt fresh afterward. I liked the fragrance most. 3.9 Pretty decent overall.",true,2026-07-18T14:33:36.011Z
1-bottle,4,"Hania Sami Sheikh","Pleasant Lavender Scent","Eco Galaxy Flooring Floor Cleaner use kiya aur mop ke baad floor kaafi fresh feel hua. Lavender ki khushboo achi hai aur bohat tez nahi. Daily safai ke liye sahi hai. 4.5 Daily safai ke liye sahi hai.",true,2026-07-20T14:37:04.259Z
1-bottle,5,"Yumna Umar Chaudhry","Refreshing Lavender Fragrance","Pretty good for everyday cleaning. The fragrance is pleasant and the one liter bottle is easy to handle. Would use it again. 4.8 Pretty decent overall.",true,2026-07-19T14:00:01.477Z
3-bottles,5,"Zeeshan Adil Sheikh","Refreshing Lavender Fragrance","Lavender ki fragrance mujhe pasand aayi. Floor clean feel hota hai aur room mein بھی fresh smell rehti hai. Overall theek laga. 3.9 Daily safai ke liye sahi hai.",false,2026-07-18T14:23:31.349Z
3-bottles,5,"Adnan Ahmed Siddiqui","Refreshing Lavender Fragrance","Pretty good for everyday cleaning. The fragrance is pleasant and the one liter bottle is easy to handle. I liked the fragrance most.",true,2026-07-19T14:32:00.793Z
3-bottles,5,"Rafay Noor Malik","Refreshing Lavender Fragrance","Khushboo expected se achi nikli. Mop ke baad floor fresh fresh feel hota hai aur use karna بھی easy hai. Abhi tak acha experience raha. 4.5 Dobara use karunga.",true,2026-07-18T13:59:20.330Z
5-bottles,5,"Aariz Adil Akhtar","Refreshing Lavender Fragrance","Used Eco Galaxy Flooring Floor Cleaner today and the floor felt fresh after mopping. The lavender fragrance is pleasant and not too strong. I liked the fragrance most. 3.9 Pretty decent overall.",false,2026-07-18T14:00:46.386Z
5-bottles,5,"Yasir Umar Qureshi","Refreshing Lavender Fragrance","Khushboo expected se achi nikli. Mop ke baad floor fresh fresh feel hota hai aur use karna بھی easy hai. Overall theek laga. 4.5 Daily safai ke liye sahi hai.",true,2026-07-17T13:50:12.846Z
1-bottle,5,"Adeel Noor Rashid","Refreshing Lavender Fragrance","I liked the lavender scent more than I expected. Cleaning was easy and the floor felt fresh afterward. Good for routine mopping. 3 Pretty decent overall.",true,2026-07-17T13:48:24.993Z
1-bottle,4,"Saira Kashan Aslam","Pleasant Lavender Scent","Khushboo expected se achi nikli. Mop ke baad floor fresh fresh feel hota hai aur use karna بھی easy hai. Dobara use karunga. 3.5 Fragrance sab se achi lagi.",false,2026-07-18T14:08:46.913Z
1-bottle,5,"Daniyal Ahmed Qureshi","Refreshing Lavender Fragrance","I liked the lavender scent more than I expected. Cleaning was easy and the floor felt fresh afterward. Good for routine mopping. I liked the fragrance most.",true,2026-07-19T14:31:43.212Z
1-bottle,4,"Waleed Sami Qureshi","Pleasant Lavender Scent","Lavender ki fragrance mujhe pasand aayi. Floor clean feel hota hai aur room mein بھی fresh smell rehti hai. Daily safai ke liye sahi hai. 3.9 Abhi tak acha experience raha.",true,2026-07-18T13:55:52.577Z
1-bottle,4,"Shahzaib Amin Raza","Pleasant Lavender Scent","Used Eco Galaxy Flooring Floor Cleaner today and the floor felt fresh after mopping. The lavender fragrance is pleasant and not too strong. Worth trying for regular cleaning. 4 Pretty decent overall.",false,2026-07-17T14:00:03.753Z
3-bottles,5,"Fahad Shayan Chaudhry","Refreshing Lavender Fragrance","Khushboo expected se achi nikli. Mop ke baad floor fresh fresh feel hota hai aur use karna بھی easy hai. Fragrance sab se achi lagi. 4 Dobara use karunga.",true,2026-07-18T14:33:05.421Z
3-bottles,5,"Noor Raza Siddiqui","Refreshing Lavender Fragrance","I liked the lavender scent more than I expected. Cleaning was easy and the floor felt fresh afterward. Good for routine mopping. Worth trying for regular cleaning.",true,2026-07-17T14:16:47.422Z
3-bottles,5,"Uzma Rehan Hashmi","Refreshing Lavender Fragrance","Rozana floor safai ke liye use kiya. Mopping easy rahi aur lavender wali khushboo kaafi pleasant hai. Overall theek laga.",true,2026-07-17T13:55:02.619Z
5-bottles,5,"Aariz Kamil Javed","Refreshing Lavender Fragrance","The lavender fragrance is nice and soft. I used it in the lounge and the floor looked clean after mopping. Good for routine mopping.",true,2026-07-18T13:58:51.095Z
5-bottles,5,"Jibran Faisal Nawaz","Refreshing Lavender Fragrance","Lavender ki fragrance mujhe pasand aayi. Floor clean feel hota hai aur room mein بھی fresh smell rehti hai. Fragrance sab se achi lagi.",true,2026-07-17T14:22:15.236Z
1-bottle,5,"Farhan Rehan Baig","Refreshing Lavender Fragrance","Good for normal floor cleaning. The smell stays for a while and gives the room a fresh feeling. Good for routine mopping. 3 Pretty decent overall.",true,2026-07-18T13:54:40.154Z
1-bottle,5,"Jibran Kamil Rashid","Refreshing Lavender Fragrance","Rozana floor safai ke liye use kiya. Mopping easy rahi aur lavender wali khushboo kaafi pleasant hai. Fragrance sab se achi lagi.",true,2026-07-18T14:34:41.268Z
1-bottle,5,"Omer Naveed Baig","Refreshing Lavender Fragrance","Used Eco Galaxy Flooring Floor Cleaner today and the floor felt fresh after mopping. The lavender fragrance is pleasant and not too strong. I liked the fragrance most. 3.9 Worth trying for regular cleaning.",true,2026-07-19T14:19:01.480Z
1-bottle,5,"Nadia Zubair Mirza","Refreshing Lavender Fragrance","Lounge mein try kiya, floor saaf laga aur fragrance bhi achi thi. Overall acha product laga mujhe. Dobara use karunga. 4.5 Abhi tak acha experience raha.",true,2026-07-17T13:44:37.272Z
1-bottle,5,"Mehwish Zubair Qureshi","Refreshing Lavender Fragrance","The lavender fragrance is nice and soft. I used it in the lounge and the floor looked clean after mopping. Pretty decent overall. 4.8 Good for routine mopping.",true,2026-07-17T14:06:44.955Z
3-bottles,4,"Zara Ali Javed","Pleasant Lavender Scent","Khushboo expected se achi nikli. Mop ke baad floor fresh fresh feel hota hai aur use karna بھی easy hai. Fragrance sab se achi lagi. Daily safai ke liye sahi hai.",true,2026-07-16T14:16:06.759Z
3-bottles,5,"Aariz Raza Butt","Refreshing Lavender Fragrance","I liked the lavender scent more than I expected. Cleaning was easy and the floor felt fresh afterward. Good for routine mopping. I liked the fragrance most.",true,2026-07-16T13:44:18.420Z
3-bottles,5,"Ashar Kashan Saeed","Refreshing Lavender Fragrance","Rozana floor safai ke liye use kiya. Mopping easy rahi aur lavender wali khushboo kaafi pleasant hai. Daily safai ke liye sahi hai. Abhi tak acha experience raha.",true,2026-07-18T14:03:19.284Z
5-bottles,4,"Mariam Naveed Malik","Pleasant Lavender Scent","The lavender fragrance is nice and soft. I used it in the lounge and the floor looked clean after mopping. Pretty decent overall. 4.8 I liked the fragrance most.",true,2026-07-17T13:40:31.505Z
5-bottles,4,"Rehan Noor Nawaz","Pleasant Lavender Scent","Eco Galaxy Flooring Floor Cleaner use kiya aur mop ke baad floor kaafi fresh feel hua. Lavender ki khushboo achi hai aur bohat tez nahi. Dobara use karunga.",false,2026-07-18T14:11:44.254Z
1-bottle,5,"Uzma Noor Akhtar","Refreshing Lavender Fragrance","The lavender fragrance is nice and soft. I used it in the lounge and the floor looked clean after mopping. Good for routine mopping. 4.8 Good for routine mopping.",true,2026-07-18T14:23:29.336Z
1-bottle,5,"Arham Umar Raza","Refreshing Lavender Fragrance","Khushboo expected se achi nikli. Mop ke baad floor fresh fresh feel hota hai aur use karna بھی easy hai. Fragrance sab se achi lagi.",true,2026-07-17T14:10:23.470Z
1-bottle,5,"Saira Shayan Khan","Refreshing Lavender Fragrance","Used Eco Galaxy Flooring Floor Cleaner today and the floor felt fresh after mopping. The lavender fragrance is pleasant and not too strong. Worth trying for regular cleaning. 4.8 Worth trying for regular cleaning.",true,2026-07-18T14:06:24.340Z
1-bottle,5,"Rayan Hassan Qureshi","Refreshing Lavender Fragrance","Eco Galaxy Flooring Floor Cleaner use kiya aur mop ke baad floor kaafi fresh feel hua. Lavender ki khushboo achi hai aur bohat tez nahi. Overall theek laga. 3.9 Daily safai ke liye sahi hai.",true,2026-07-16T14:34:22.256Z
1-bottle,5,"Noman Ali Hashmi","Refreshing Lavender Fragrance","Pretty good for everyday cleaning. The fragrance is pleasant and the one liter bottle is easy to handle. Worth trying for regular cleaning. 4.8 Pretty decent overall.",true,2026-07-16T13:40:37.009Z
3-bottles,5,"Danish Ayan Hashmi","Refreshing Lavender Fragrance","Eco Galaxy Flooring Floor Cleaner use kiya aur mop ke baad floor kaafi fresh feel hua. Lavender ki khushboo achi hai aur bohat tez nahi. Dobara use karunga. 3 Dobara use karunga.",true,2026-07-18T14:17:59.027Z
3-bottles,5,"Jibran Ibrahim Khan","Refreshing Lavender Fragrance","The lavender fragrance is nice and soft. I used it in the lounge and the floor looked clean after mopping. Would use it again. 4.8 I liked the fragrance most.",true,2026-07-17T14:14:07.261Z
3-bottles,4,"Danish Adil Rashid","Pleasant Lavender Scent","Lounge mein try kiya, floor saaf laga aur fragrance bhi achi thi. Overall acha product laga mujhe. Fragrance sab se achi lagi. 4.5 Abhi tak acha experience raha.",true,2026-07-18T14:34:04.449Z
5-bottles,5,"Omer Raza Siddiqui","Refreshing Lavender Fragrance","Used Eco Galaxy Flooring Floor Cleaner today and the floor felt fresh after mopping. The lavender fragrance is pleasant and not too strong. Worth trying for regular cleaning. 3 I liked the fragrance most.",true,2026-07-16T14:19:38.631Z
5-bottles,5,"Ahmed Adil Raza","Refreshing Lavender Fragrance","Lavender ki fragrance mujhe pasand aayi. Floor clean feel hota hai aur room mein بھی fresh smell rehti hai. Overall theek laga. Dobara use karunga.",true,2026-07-17T14:10:00.640Z
1-bottle,5,"Sonia Ali Qureshi","Refreshing Lavender Fragrance","The lavender fragrance is nice and soft. I used it in the lounge and the floor looked clean after mopping. Pretty decent overall. 4.5 Pretty decent overall.",false,2026-07-16T13:49:30.215Z
1-bottle,4,"Salman Rehan Iqbal","Pleasant Lavender Scent","Lounge mein try kiya, floor saaf laga aur fragrance bhi achi thi. Overall acha product laga mujhe. Daily safai ke liye sahi hai. 4.8 Fragrance sab se achi lagi.",true,2026-07-17T13:59:36.555Z
1-bottle,5,"Ahmed Zubair Khan","Refreshing Lavender Fragrance","Used Eco Galaxy Flooring Floor Cleaner today and the floor felt fresh after mopping. The lavender fragrance is pleasant and not too strong. Pretty decent overall. 3 I liked the fragrance most.",true,2026-07-16T14:14:39.015Z
1-bottle,5,"Areeb Umar Raza","Refreshing Lavender Fragrance","Rozana floor safai ke liye use kiya. Mopping easy rahi aur lavender wali khushboo kaafi pleasant hai. Fragrance sab se achi lagi. 3 Abhi tak acha experience raha.",true,2026-07-16T14:28:39.259Z
1-bottle,5,"Nadia Kashan Khan","Refreshing Lavender Fragrance","I liked the lavender scent more than I expected. Cleaning was easy and the floor felt fresh afterward. Pretty decent overall. 4 Worth trying for regular cleaning.",true,2026-07-17T13:43:21.257Z
3-bottles,5,"Iqra Hassan Qureshi","Refreshing Lavender Fragrance","Khushboo expected se achi nikli. Mop ke baad floor fresh fresh feel hota hai aur use karna بھی easy hai. Fragrance sab se achi lagi. 4.5 Overall theek laga.",true,2026-07-16T14:15:02.742Z
3-bottles,5,"Zara Ibrahim Butt","Refreshing Lavender Fragrance","Pretty good for everyday cleaning. The fragrance is pleasant and the one liter bottle is easy to handle. Pretty decent overall. 3 Worth trying for regular cleaning.",true,2026-07-17T13:46:41.330Z
3-bottles,5,"Saim Kashan Khan","Refreshing Lavender Fragrance","Eco Galaxy Flooring Floor Cleaner use kiya aur mop ke baad floor kaafi fresh feel hua. Lavender ki khushboo achi hai aur bohat tez nahi. Dobara use karunga. 4.8 Daily safai ke liye sahi hai.",true,2026-07-17T14:16:49.085Z
5-bottles,5,"Farhan Kashan Javed","Refreshing Lavender Fragrance","Used Eco Galaxy Flooring Floor Cleaner today and the floor felt fresh after mopping. The lavender fragrance is pleasant and not too strong. Would use it again.",true,2026-07-16T13:47:57.829Z
5-bottles,5,"Muneeb Rehan Hussain","Refreshing Lavender Fragrance","Khushboo expected se achi nikli. Mop ke baad floor fresh fresh feel hota hai aur use karna بھی easy hai. Dobara use karunga. 3 Dobara use karunga.",false,2026-07-15T13:48:03.481Z
1-bottle,5,"Saad Hadi Sheikh","Refreshing Lavender Fragrance","The lavender fragrance is nice and soft. I used it in the lounge and the floor looked clean after mopping. Worth trying for regular cleaning. I liked the fragrance most.",true,2026-07-15T14:04:37.754Z
1-bottle,4,"Sundas Hadi Rashid","Pleasant Lavender Scent","Eco Galaxy Flooring Floor Cleaner use kiya aur mop ke baad floor kaafi fresh feel hua. Lavender ki khushboo achi hai aur bohat tez nahi. Abhi tak acha experience raha. 4.8 Fragrance sab se achi lagi.",true,2026-07-16T13:41:09.606Z
1-bottle,5,"Iqra Ibrahim Saeed","Refreshing Lavender Fragrance","Good for normal floor cleaning. The smell stays for a while and gives the room a fresh feeling. Pretty decent overall. Good for routine mopping.",true,2026-07-16T14:34:22.288Z
1-bottle,5,"Noor Ahmed Rashid","Refreshing Lavender Fragrance","Eco Galaxy Flooring Floor Cleaner use kiya aur mop ke baad floor kaafi fresh feel hua. Lavender ki khushboo achi hai aur bohat tez nahi. Dobara use karunga. 4 Dobara use karunga.",true,2026-07-15T14:20:53.728Z
1-bottle,5,"Fatima Ayan Hashmi","Refreshing Lavender Fragrance","The lavender fragrance is nice and soft. I used it in the lounge and the floor looked clean after mopping. Worth trying for regular cleaning. 3.5 Would use it again.",true,2026-07-15T14:06:14.806Z
3-bottles,5,"Arham Taimur Raza","Refreshing Lavender Fragrance","Khushboo expected se achi nikli. Mop ke baad floor fresh fresh feel hota hai aur use karna بھی easy hai. Abhi tak acha experience raha. 3.5 Overall theek laga.",true,2026-07-15T13:50:23.287Z
3-bottles,4,"Laiba Raza Rashid","Pleasant Lavender Scent","I liked the lavender scent more than I expected. Cleaning was easy and the floor felt fresh afterward. Good for routine mopping.",true,2026-07-15T13:48:43.662Z
3-bottles,5,"Huzaifa Umar Raza","Refreshing Lavender Fragrance","Eco Galaxy Flooring Floor Cleaner use kiya aur mop ke baad floor kaafi fresh feel hua. Lavender ki khushboo achi hai aur bohat tez nahi. Daily safai ke liye sahi hai. 3.5 Daily safai ke liye sahi hai.",true,2026-07-15T13:52:23.584Z
5-bottles,5,"Yumna Kashan Saeed","Refreshing Lavender Fragrance","Pretty good for everyday cleaning. The fragrance is pleasant and the one liter bottle is easy to handle. Good for routine mopping. 3.5 Pretty decent overall.",true,2026-07-15T13:56:07.876Z
5-bottles,5,"Rabia Amin Akhtar","Refreshing Lavender Fragrance","Eco Galaxy Flooring Floor Cleaner use kiya aur mop ke baad floor kaafi fresh feel hua. Lavender ki khushboo achi hai aur bohat tez nahi. Fragrance sab se achi lagi. 3.9 Dobara use karunga.",true,2026-07-14T14:18:39.249Z
1-bottle,5,"Farhan Taimur Siddiqui","Refreshing Lavender Fragrance","Good for normal floor cleaning. The smell stays for a while and gives the room a fresh feeling. Would use it again. 4.8 Pretty decent overall.",false,2026-07-16T13:50:05.299Z
1-bottle,5,"Saira Ibrahim Hussain","Refreshing Lavender Fragrance","Lavender ki fragrance mujhe pasand aayi. Floor clean feel hota hai aur room mein بھی fresh smell rehti hai. Dobara use karunga. 3.9 Fragrance sab se achi lagi.",true,2026-07-15T13:38:24.714Z
1-bottle,5,"Kashif Ali Raza","Refreshing Lavender Fragrance","I liked the lavender scent more than I expected. Cleaning was easy and the floor felt fresh afterward. Good for routine mopping. 4.8 Worth trying for regular cleaning.",true,2026-07-16T14:32:43.161Z
1-bottle,5,"Hassan Hadi Baig","Refreshing Lavender Fragrance","Lounge mein try kiya, floor saaf laga aur fragrance bhi achi thi. Overall acha product laga mujhe. Dobara use karunga. 4.8 Daily safai ke liye sahi hai.",true,2026-07-15T14:29:14.552Z
1-bottle,5,"Adeel Umar Chaudhry","Refreshing Lavender Fragrance","Pretty good for everyday cleaning. The fragrance is pleasant and the one liter bottle is easy to handle. Would use it again. Would use it again.",false,2026-07-15T14:21:54.985Z
3-bottles,5,"Shoaib Shayan Farooq","Refreshing Lavender Fragrance","Rozana floor safai ke liye use kiya. Mopping easy rahi aur lavender wali khushboo kaafi pleasant hai. Overall theek laga. 4.5 Fragrance sab se achi lagi.",true,2026-07-14T14:35:53.785Z
3-bottles,5,"Zain Ayan Qureshi","Refreshing Lavender Fragrance","Good for normal floor cleaning. The smell stays for a while and gives the room a fresh feeling. Worth trying for regular cleaning. 4.5 Good for routine mopping.",true,2026-07-15T14:26:13.624Z
3-bottles,5,"Sameer Taimur Sheikh","Refreshing Lavender Fragrance","Lavender ki fragrance mujhe pasand aayi. Floor clean feel hota hai aur room mein بھی fresh smell rehti hai. Dobara use karunga.",true,2026-07-15T14:29:22.587Z
5-bottles,5,"Sundas Kamil Baig","Refreshing Lavender Fragrance","I liked the lavender scent more than I expected. Cleaning was easy and the floor felt fresh afterward. Pretty decent overall.",true,2026-07-15T14:07:49.351Z
5-bottles,5,"Hiba Zubair Baig","Refreshing Lavender Fragrance","Lavender ki fragrance mujhe pasand aayi. Floor clean feel hota hai aur room mein بھی fresh smell rehti hai. Dobara use karunga. 3.9 Daily safai ke liye sahi hai.",true,2026-07-14T14:07:45.543Z
1-bottle,5,"Mehwish Shayan Farooq","Refreshing Lavender Fragrance","Pretty good for everyday cleaning. The fragrance is pleasant and the one liter bottle is easy to handle. Pretty decent overall. Worth trying for regular cleaning.",true,2026-07-16T14:19:44.297Z
1-bottle,5,"Saad Sami Javed","Refreshing Lavender Fragrance","Rozana floor safai ke liye use kiya. Mopping easy rahi aur lavender wali khushboo kaafi pleasant hai. Fragrance sab se achi lagi. 3 Abhi tak acha experience raha.",true,2026-07-14T14:08:26.418Z
1-bottle,5,"Nadia Raza Siddiqui","Refreshing Lavender Fragrance","Good for normal floor cleaning. The smell stays for a while and gives the room a fresh feeling. Pretty decent overall. 4.5 Would use it again.",true,2026-07-16T13:52:15.153Z
1-bottle,5,"Rehan Taimur Sheikh","Refreshing Lavender Fragrance","Khushboo expected se achi nikli. Mop ke baad floor fresh fresh feel hota hai aur use karna بھی easy hai. Fragrance sab se achi lagi. 4.8 Abhi tak acha experience raha.",true,2026-07-14T14:34:59.200Z
1-bottle,4,"Adeel Amin Sheikh","Pleasant Lavender Scent","The lavender fragrance is nice and soft. I used it in the lounge and the floor looked clean after mopping. Would use it again. I liked the fragrance most.",true,2026-07-13T13:55:08.131Z
3-bottles,5,"Fatima Faisal Iqbal","Refreshing Lavender Fragrance","Lavender ki fragrance mujhe pasand aayi. Floor clean feel hota hai aur room mein بھی fresh smell rehti hai. Fragrance sab se achi lagi. 3.9 Abhi tak acha experience raha.",true,2026-07-13T13:50:25.109Z
3-bottles,5,"Kashif Ali Baig","Refreshing Lavender Fragrance","Good for normal floor cleaning. The smell stays for a while and gives the room a fresh feeling. Pretty decent overall. 4 Would use it again.",true,2026-07-13T13:50:50.824Z
3-bottles,4,"Farhan Sami Rashid","Pleasant Lavender Scent","Lavender ki fragrance mujhe pasand aayi. Floor clean feel hota hai aur room mein بھی fresh smell rehti hai. Overall theek laga. 3.9 Abhi tak acha experience raha.",true,2026-07-13T14:15:45.480Z
5-bottles,5,"Sundas Ibrahim Rashid","Refreshing Lavender Fragrance","Good for normal floor cleaning. The smell stays for a while and gives the room a fresh feeling. Pretty decent overall. 4 Good for routine mopping.",true,2026-07-14T13:49:29.636Z
5-bottles,5,"Haris Adil Rashid","Refreshing Lavender Fragrance","Lavender ki fragrance mujhe pasand aayi. Floor clean feel hota hai aur room mein بھی fresh smell rehti hai. Abhi tak acha experience raha. 4.8 Daily safai ke liye sahi hai.",true,2026-07-15T13:58:15.310Z
1-bottle,5,"Sidra Shayan Baig","Refreshing Lavender Fragrance","I liked the lavender scent more than I expected. Cleaning was easy and the floor felt fresh afterward. Pretty decent overall.",true,2026-07-14T14:35:12.753Z
1-bottle,4,"Hania Zubair Sheikh","Pleasant Lavender Scent","Lounge mein try kiya, floor saaf laga aur fragrance bhi achi thi. Overall acha product laga mujhe. Daily safai ke liye sahi hai. 3.5 Abhi tak acha experience raha.",true,2026-07-15T14:19:54.710Z
1-bottle,5,"Irfan Faisal Saeed","Refreshing Lavender Fragrance","Pretty good for everyday cleaning. The fragrance is pleasant and the one liter bottle is easy to handle. Would use it again.",true,2026-07-13T13:58:34.028Z
1-bottle,5,"Kashif Zubair Raza","Refreshing Lavender Fragrance","Khushboo expected se achi nikli. Mop ke baad floor fresh fresh feel hota hai aur use karna بھی easy hai. Fragrance sab se achi lagi. 4.5 Fragrance sab se achi lagi.",true,2026-07-15T14:23:24.844Z
1-bottle,5,"Areeb Umar Butt","Refreshing Lavender Fragrance","Used Eco Galaxy Flooring Floor Cleaner today and the floor felt fresh after mopping. The lavender fragrance is pleasant and not too strong. Worth trying for regular cleaning. I liked the fragrance most.",true,2026-07-15T14:35:07.074Z
3-bottles,4,"Hania Zubair Malik","Pleasant Lavender Scent","Rozana floor safai ke liye use kiya. Mopping easy rahi aur lavender wali khushboo kaafi pleasant hai. Overall theek laga. 3.9 Fragrance sab se achi lagi.",true,2026-07-13T14:31:30.194Z
3-bottles,5,"Hamza Hadi Hashmi","Refreshing Lavender Fragrance","Good for normal floor cleaning. The smell stays for a while and gives the room a fresh feeling. Would use it again. 3.5 Worth trying for regular cleaning.",true,2026-07-13T14:07:56.970Z
3-bottles,5,"Noman Hassan Saeed","Refreshing Lavender Fragrance","Lounge mein try kiya, floor saaf laga aur fragrance bhi achi thi. Overall acha product laga mujhe. Abhi tak acha experience raha. 3 Overall theek laga.",true,2026-07-13T14:18:31.764Z
5-bottles,5,"Fatima Kashan Siddiqui","Refreshing Lavender Fragrance","Good for normal floor cleaning. The smell stays for a while and gives the room a fresh feeling. Pretty decent overall. I liked the fragrance most.",true,2026-07-14T14:16:16.741Z
5-bottles,5,"Ehtisham Faisal Butt","Refreshing Lavender Fragrance","Khushboo expected se achi nikli. Mop ke baad floor fresh fresh feel hota hai aur use karna بھی easy hai. Dobara use karunga. 3.9 Dobara use karunga.",true,2026-07-13T14:31:00.179Z
1-bottle,5,"Ayesha Kashan Aslam","Refreshing Lavender Fragrance","The lavender fragrance is nice and soft. I used it in the lounge and the floor looked clean after mopping. Pretty decent overall. 3.5 Good for routine mopping.",true,2026-07-12T14:20:22.871Z
1-bottle,5,"Farhan Ibrahim Mirza","Refreshing Lavender Fragrance","Khushboo expected se achi nikli. Mop ke baad floor fresh fresh feel hota hai aur use karna بھی easy hai. Overall theek laga. 4.5 Daily safai ke liye sahi hai.",true,2026-07-14T13:41:57.198Z
1-bottle,4,"Ehtisham Ibrahim Butt","Pleasant Lavender Scent","Good for normal floor cleaning. The smell stays for a while and gives the room a fresh feeling. Would use it again. 4 I liked the fragrance most.",true,2026-07-13T14:28:18.651Z
1-bottle,5,"Saira Sami Iqbal","Refreshing Lavender Fragrance","Lavender ki fragrance mujhe pasand aayi. Floor clean feel hota hai aur room mein بھی fresh smell rehti hai. Dobara use karunga. 3 Fragrance sab se achi lagi.",true,2026-07-14T14:14:08.762Z
1-bottle,4,"Nadia Umar Iqbal","Pleasant Lavender Scent","I liked the lavender scent more than I expected. Cleaning was easy and the floor felt fresh afterward. I liked the fragrance most.",true,2026-07-14T14:35:25.099Z
3-bottles,5,"Arham Ayan Khan","Refreshing Lavender Fragrance","Lounge mein try kiya, floor saaf laga aur fragrance bhi achi thi. Overall acha product laga mujhe. Fragrance sab se achi lagi. 3.5 Overall theek laga.",false,2026-07-14T13:56:25.542Z
3-bottles,5,"Arham Ali Chaudhry","Refreshing Lavender Fragrance","Good for normal floor cleaning. The smell stays for a while and gives the room a fresh feeling. Worth trying for regular cleaning. 3.9 Good for routine mopping.",true,2026-07-12T14:09:30.064Z
3-bottles,5,"Nadia Amin Hashmi","Refreshing Lavender Fragrance","Eco Galaxy Flooring Floor Cleaner use kiya aur mop ke baad floor kaafi fresh feel hua. Lavender ki khushboo achi hai aur bohat tez nahi. Dobara use karunga. 3 Abhi tak acha experience raha.",true,2026-07-14T13:54:20.893Z
5-bottles,4,"Yasir Naveed Siddiqui","Pleasant Lavender Scent","Pretty good for everyday cleaning. The fragrance is pleasant and the one liter bottle is easy to handle. Worth trying for regular cleaning. 4.8 Worth trying for regular cleaning.",true,2026-07-12T14:02:53.174Z
5-bottles,5,"Aariz Zubair Hashmi","Refreshing Lavender Fragrance","Rozana floor safai ke liye use kiya. Mopping easy rahi aur lavender wali khushboo kaafi pleasant hai. Dobara use karunga. 3 Daily safai ke liye sahi hai.",true,2026-07-13T14:26:14.675Z
1-bottle,5,"Saim Sami Rashid","Refreshing Lavender Fragrance","The lavender fragrance is nice and soft. I used it in the lounge and the floor looked clean after mopping. Worth trying for regular cleaning. 4 I liked the fragrance most.",true,2026-07-12T13:38:13.923Z
1-bottle,5,"Sidra Adil Iqbal","Refreshing Lavender Fragrance","Lounge mein try kiya, floor saaf laga aur fragrance bhi achi thi. Overall acha product laga mujhe. Fragrance sab se achi lagi. 3 Dobara use karunga.",true,2026-07-13T14:03:12.724Z
1-bottle,5,"Atif Adil Aslam","Refreshing Lavender Fragrance","Good for normal floor cleaning. The smell stays for a while and gives the room a fresh feeling. Worth trying for regular cleaning. 4 Would use it again.",true,2026-07-13T14:28:46.534Z
1-bottle,5,"Sarah Adil Iqbal","Refreshing Lavender Fragrance","Khushboo expected se achi nikli. Mop ke baad floor fresh fresh feel hota hai aur use karna بھی easy hai. Overall theek laga.",true,2026-07-13T14:02:19.070Z
1-bottle,5,"Muneeb Ibrahim Khan","Refreshing Lavender Fragrance","Pretty good for everyday cleaning. The fragrance is pleasant and the one liter bottle is easy to handle. Good for routine mopping. 4.5 I liked the fragrance most.",true,2026-07-13T14:23:30.672Z
3-bottles,5,"Zain Ibrahim Chaudhry","Refreshing Lavender Fragrance","Lavender ki fragrance mujhe pasand aayi. Floor clean feel hota hai aur room mein بھی fresh smell rehti hai. Daily safai ke liye sahi hai.",true,2026-07-13T14:00:44.755Z
3-bottles,5,"Eman Sami Butt","Refreshing Lavender Fragrance","I liked the lavender scent more than I expected. Cleaning was easy and the floor felt fresh afterward. Good for routine mopping. 4.8 Would use it again.",true,2026-07-14T13:44:42.419Z
3-bottles,5,"Zeeshan Ayan Aslam","Refreshing Lavender Fragrance","Khushboo expected se achi nikli. Mop ke baad floor fresh fresh feel hota hai aur use karna بھی easy hai. Abhi tak acha experience raha. 4 Dobara use karunga.",true,2026-07-11T14:16:13.030Z
5-bottles,4,"Mustafa Rehan Saeed","Pleasant Lavender Scent","Good for normal floor cleaning. The smell stays for a while and gives the room a fresh feeling. Pretty decent overall.",true,2026-07-12T14:05:33.127Z
5-bottles,5,"Mustafa Raza Baig","Refreshing Lavender Fragrance","Lavender ki fragrance mujhe pasand aayi. Floor clean feel hota hai aur room mein بھی fresh smell rehti hai. Dobara use karunga. 3.9 Daily safai ke liye sahi hai.",true,2026-07-12T13:55:17.015Z
1-bottle,5,"Atif Ibrahim Qureshi","Refreshing Lavender Fragrance","Good for normal floor cleaning. The smell stays for a while and gives the room a fresh feeling. Pretty decent overall. 4.8 Worth trying for regular cleaning.",true,2026-07-12T14:35:23.633Z
1-bottle,5,"Zainab Kashan Hussain","Refreshing Lavender Fragrance","Rozana floor safai ke liye use kiya. Mopping easy rahi aur lavender wali khushboo kaafi pleasant hai. Dobara use karunga. Dobara use karunga.",false,2026-07-13T13:46:17.047Z
1-bottle,5,"Maham Sami Malik","Refreshing Lavender Fragrance","Good for normal floor cleaning. The smell stays for a while and gives the room a fresh feeling. Would use it again. 4.8 Worth trying for regular cleaning.",true,2026-07-11T14:09:06.692Z
1-bottle,5,"Adnan Adil Saeed","Refreshing Lavender Fragrance","Lavender ki fragrance mujhe pasand aayi. Floor clean feel hota hai aur room mein بھی fresh smell rehti hai. Fragrance sab se achi lagi. 3.9 Overall theek laga.",true,2026-07-13T13:48:23.969Z
1-bottle,5,"Mustafa Rehan Qureshi","Refreshing Lavender Fragrance","Pretty good for everyday cleaning. The fragrance is pleasant and the one liter bottle is easy to handle. I liked the fragrance most. 4.5 Would use it again.",true,2026-07-12T14:06:32.996Z
3-bottles,5,"Zain Taimur Farooq","Refreshing Lavender Fragrance","Lounge mein try kiya, floor saaf laga aur fragrance bhi achi thi. Overall acha product laga mujhe. Overall theek laga.",true,2026-07-11T14:00:02.207Z
3-bottles,5,"Taha Ibrahim Iqbal","Refreshing Lavender Fragrance","Used Eco Galaxy Flooring Floor Cleaner today and the floor felt fresh after mopping. The lavender fragrance is pleasant and not too strong. Pretty decent overall.",true,2026-07-12T14:01:59.433Z
3-bottles,5,"Hania Ahmed Saeed","Refreshing Lavender Fragrance","Eco Galaxy Flooring Floor Cleaner use kiya aur mop ke baad floor kaafi fresh feel hua. Lavender ki khushboo achi hai aur bohat tez nahi. Overall theek laga. Abhi tak acha experience raha.",true,2026-07-11T14:06:05.799Z
5-bottles,5,"Ashar Adil Chaudhry","Refreshing Lavender Fragrance","Pretty good for everyday cleaning. The fragrance is pleasant and the one liter bottle is easy to handle. Worth trying for regular cleaning. 4.5 Pretty decent overall.",true,2026-07-11T14:22:13.675Z
5-bottles,5,"Zain Naveed Aslam","Refreshing Lavender Fragrance","Khushboo expected se achi nikli. Mop ke baad floor fresh fresh feel hota hai aur use karna بھی easy hai. Fragrance sab se achi lagi. 4.8 Daily safai ke liye sahi hai.",true,2026-07-13T14:08:25.691Z
1-bottle,4,"Saim Raza Javed","Pleasant Lavender Scent","Used Eco Galaxy Flooring Floor Cleaner today and the floor felt fresh after mopping. The lavender fragrance is pleasant and not too strong. Worth trying for regular cleaning. 4 Worth trying for regular cleaning.",false,2026-07-13T14:16:36.588Z
1-bottle,5,"Samina Adil Baig","Refreshing Lavender Fragrance","Lavender ki fragrance mujhe pasand aayi. Floor clean feel hota hai aur room mein بھی fresh smell rehti hai. Fragrance sab se achi lagi. 4 Fragrance sab se achi lagi.",true,2026-07-11T13:46:10.178Z
1-bottle,5,"Sarah Umar Aslam","Refreshing Lavender Fragrance","Good for normal floor cleaning. The smell stays for a while and gives the room a fresh feeling. Would use it again. 4 Would use it again.",true,2026-07-12T13:47:23.366Z
1-bottle,5,"Waleed Hassan Butt","Refreshing Lavender Fragrance","Lavender ki fragrance mujhe pasand aayi. Floor clean feel hota hai aur room mein بھی fresh smell rehti hai. Abhi tak acha experience raha. 3 Fragrance sab se achi lagi.",true,2026-07-13T13:50:12.551Z
1-bottle,5,"Uzma Ali Raza","Refreshing Lavender Fragrance","Good for normal floor cleaning. The smell stays for a while and gives the room a fresh feeling. Would use it again. 4.8 I liked the fragrance most.",true,2026-07-10T14:14:03.281Z
3-bottles,5,"Danish Ali Javed","Refreshing Lavender Fragrance","Lavender ki fragrance mujhe pasand aayi. Floor clean feel hota hai aur room mein بھی fresh smell rehti hai. Fragrance sab se achi lagi. Fragrance sab se achi lagi.",true,2026-07-10T13:48:34.437Z
3-bottles,5,"Mariam Sami Iqbal","Refreshing Lavender Fragrance","Pretty good for everyday cleaning. The fragrance is pleasant and the one liter bottle is easy to handle. Good for routine mopping. 3.9 I liked the fragrance most.",true,2026-07-12T14:21:56.832Z
3-bottles,5,"Ali Shayan Siddiqui","Refreshing Lavender Fragrance","Khushboo expected se achi nikli. Mop ke baad floor fresh fresh feel hota hai aur use karna بھی easy hai. Fragrance sab se achi lagi. 4.5 Abhi tak acha experience raha.",true,2026-07-12T13:56:32.977Z
5-bottles,5,"Maryam Hadi Baig","Refreshing Lavender Fragrance","Good for normal floor cleaning. The smell stays for a while and gives the room a fresh feeling. Would use it again.",true,2026-07-10T14:15:57.605Z
5-bottles,5,"Daniyal Taimur Qureshi","Refreshing Lavender Fragrance","Khushboo expected se achi nikli. Mop ke baad floor fresh fresh feel hota hai aur use karna بھی easy hai. Abhi tak acha experience raha. 3 Overall theek laga.",true,2026-07-12T13:41:35.026Z
1-bottle,5,"Muneeb Kashan Raza","Refreshing Lavender Fragrance","Used Eco Galaxy Flooring Floor Cleaner today and the floor felt fresh after mopping. The lavender fragrance is pleasant and not too strong. Good for routine mopping. I liked the fragrance most.",false,2026-07-12T14:03:40.353Z
1-bottle,5,"Rayan Noor Farooq","Refreshing Lavender Fragrance","Rozana floor safai ke liye use kiya. Mopping easy rahi aur lavender wali khushboo kaafi pleasant hai. Daily safai ke liye sahi hai. Daily safai ke liye sahi hai.",true,2026-07-12T14:34:35.964Z
1-bottle,5,"Haris Ali Iqbal","Refreshing Lavender Fragrance","Used Eco Galaxy Flooring Floor Cleaner today and the floor felt fresh after mopping. The lavender fragrance is pleasant and not too strong. Pretty decent overall. 4 Good for routine mopping.",true,2026-07-11T13:42:51.731Z
1-bottle,4,"Mahnoor Kashan Javed","Pleasant Lavender Scent","Rozana floor safai ke liye use kiya. Mopping easy rahi aur lavender wali khushboo kaafi pleasant hai. Fragrance sab se achi lagi. 3 Daily safai ke liye sahi hai.",true,2026-07-12T13:47:03.268Z
1-bottle,5,"Hania Kamil Farooq","Refreshing Lavender Fragrance","I liked the lavender scent more than I expected. Cleaning was easy and the floor felt fresh afterward. Good for routine mopping. 3 Pretty decent overall.",true,2026-07-11T13:40:30.229Z
3-bottles,5,"Salman Ahmed Raza","Refreshing Lavender Fragrance","Rozana floor safai ke liye use kiya. Mopping easy rahi aur lavender wali khushboo kaafi pleasant hai. Dobara use karunga. Fragrance sab se achi lagi.",true,2026-07-11T13:49:51.297Z
3-bottles,5,"Faris Taimur Farooq","Refreshing Lavender Fragrance","Pretty good for everyday cleaning. The fragrance is pleasant and the one liter bottle is easy to handle. Worth trying for regular cleaning. Pretty decent overall.",true,2026-07-11T14:29:37.472Z
3-bottles,5,"Muneeb Ibrahim Malik","Refreshing Lavender Fragrance","Lavender ki fragrance mujhe pasand aayi. Floor clean feel hota hai aur room mein بھی fresh smell rehti hai. Fragrance sab se achi lagi. Fragrance sab se achi lagi.",true,2026-07-10T13:47:02.664Z
5-bottles,5,"Ahmed Kashan Aslam","Refreshing Lavender Fragrance","The lavender fragrance is nice and soft. I used it in the lounge and the floor looked clean after mopping. Worth trying for regular cleaning. Good for routine mopping.",true,2026-07-10T13:56:30.317Z
5-bottles,5,"Irfan Ayan Akhtar","Refreshing Lavender Fragrance","Khushboo expected se achi nikli. Mop ke baad floor fresh fresh feel hota hai aur use karna بھی easy hai. Dobara use karunga.",true,2026-07-12T14:33:21.438Z
1-bottle,5,"Haris Noor Chaudhry","Refreshing Lavender Fragrance","Good for normal floor cleaning. The smell stays for a while and gives the room a fresh feeling. Pretty decent overall. 3.5 Pretty decent overall.",true,2026-07-10T14:26:23.194Z
1-bottle,5,"Saad Ali Iqbal","Refreshing Lavender Fragrance","Rozana floor safai ke liye use kiya. Mopping easy rahi aur lavender wali khushboo kaafi pleasant hai. Abhi tak acha experience raha.",true,2026-07-11T14:23:35.813Z
1-bottle,5,"Ahsan Hassan Nawaz","Refreshing Lavender Fragrance","I liked the lavender scent more than I expected. Cleaning was easy and the floor felt fresh afterward. Good for routine mopping. 3.9 Good for routine mopping.",true,2026-07-11T14:24:54.813Z
1-bottle,5,"Saira Hadi Qureshi","Refreshing Lavender Fragrance","Rozana floor safai ke liye use kiya. Mopping easy rahi aur lavender wali khushboo kaafi pleasant hai. Abhi tak acha experience raha. 3 Abhi tak acha experience raha.",true,2026-07-10T13:44:40.395Z
1-bottle,4,"Uzma Shayan Malik","Pleasant Lavender Scent","The lavender fragrance is nice and soft. I used it in the lounge and the floor looked clean after mopping. Worth trying for regular cleaning. 4.8 Good for routine mopping.",true,2026-07-11T13:57:43.748Z
3-bottles,4,"Saba Shayan Saeed","Pleasant Lavender Scent","Lavender ki fragrance mujhe pasand aayi. Floor clean feel hota hai aur room mein بھی fresh smell rehti hai. Dobara use karunga. Fragrance sab se achi lagi.",true,2026-07-11T13:51:10.615Z
3-bottles,5,"Ahsan Ali Chaudhry","Refreshing Lavender Fragrance","Pretty good for everyday cleaning. The fragrance is pleasant and the one liter bottle is easy to handle. I liked the fragrance most. 3 Pretty decent overall.",true,2026-07-10T13:53:24.848Z
3-bottles,5,"Ehtisham Ahmed Chaudhry","Refreshing Lavender Fragrance","Rozana floor safai ke liye use kiya. Mopping easy rahi aur lavender wali khushboo kaafi pleasant hai. Fragrance sab se achi lagi. 4 Daily safai ke liye sahi hai.",true,2026-07-11T14:03:20.362Z
5-bottles,5,"Ahmed Faisal Aslam","Refreshing Lavender Fragrance","Pretty good for everyday cleaning. The fragrance is pleasant and the one liter bottle is easy to handle. Worth trying for regular cleaning. 3 Pretty decent overall.",true,2026-07-11T14:14:28.472Z
5-bottles,5,"Ayesha Taimur Raza","Refreshing Lavender Fragrance","Lavender ki fragrance mujhe pasand aayi. Floor clean feel hota hai aur room mein بھی fresh smell rehti hai. Fragrance sab se achi lagi. Fragrance sab se achi lagi.",true,2026-07-10T13:53:28.675Z
1-bottle,4,"Adeel Ibrahim Nawaz","Pleasant Lavender Scent","Used Eco Galaxy Flooring Floor Cleaner today and the floor felt fresh after mopping. The lavender fragrance is pleasant and not too strong. Would use it again.",true,2026-07-11T14:13:59.550Z
1-bottle,4,"Shoaib Kamil Farooq","Pleasant Lavender Scent","Lavender ki fragrance mujhe pasand aayi. Floor clean feel hota hai aur room mein بھی fresh smell rehti hai. Dobara use karunga. 3.9 Dobara use karunga.",true,2026-07-09T14:25:00.101Z
1-bottle,4,"Zeeshan Ali Hussain","Pleasant Lavender Scent","Used Eco Galaxy Flooring Floor Cleaner today and the floor felt fresh after mopping. The lavender fragrance is pleasant and not too strong. Good for routine mopping. Pretty decent overall.",true,2026-07-11T13:45:50.409Z
1-bottle,5,"Shoaib Umar Sheikh","Refreshing Lavender Fragrance","Khushboo expected se achi nikli. Mop ke baad floor fresh fresh feel hota hai aur use karna بھی easy hai. Overall theek laga. 4.5 Fragrance sab se achi lagi.",true,2026-07-10T13:53:49.109Z
1-bottle,5,"Sundas Ibrahim Baig","Refreshing Lavender Fragrance","The lavender fragrance is nice and soft. I used it in the lounge and the floor looked clean after mopping. Pretty decent overall. 4.8 Pretty decent overall.",true,2026-07-09T13:51:19.240Z
3-bottles,4,"Arsalan Umar Aslam","Pleasant Lavender Scent","Eco Galaxy Flooring Floor Cleaner use kiya aur mop ke baad floor kaafi fresh feel hua. Lavender ki khushboo achi hai aur bohat tez nahi. Daily safai ke liye sahi hai.",true,2026-07-11T14:31:27.511Z
3-bottles,4,"Mahnoor Hadi Malik","Pleasant Lavender Scent","Used Eco Galaxy Flooring Floor Cleaner today and the floor felt fresh after mopping. The lavender fragrance is pleasant and not too strong. I liked the fragrance most. 3.5 Pretty decent overall.",true,2026-07-10T14:36:10.082Z
3-bottles,5,"Zainab Ibrahim Nawaz","Refreshing Lavender Fragrance","Lavender ki fragrance mujhe pasand aayi. Floor clean feel hota hai aur room mein بھی fresh smell rehti hai. Daily safai ke liye sahi hai. 3.9 Dobara use karunga.",true,2026-07-10T13:58:51.760Z
5-bottles,5,"Ali Raza Akhtar","Refreshing Lavender Fragrance","The lavender fragrance is nice and soft. I used it in the lounge and the floor looked clean after mopping. Good for routine mopping. 4 Worth trying for regular cleaning.",true,2026-07-09T14:09:27.377Z
5-bottles,4,"Sundas Ahmed Raza","Pleasant Lavender Scent","Khushboo expected se achi nikli. Mop ke baad floor fresh fresh feel hota hai aur use karna بھی easy hai. Dobara use karunga. Dobara use karunga.",true,2026-07-10T13:58:40.843Z
1-bottle,5,"Hania Rehan Farooq","Refreshing Lavender Fragrance","Pretty good for everyday cleaning. The fragrance is pleasant and the one liter bottle is easy to handle. Would use it again. 4 Worth trying for regular cleaning.",true,2026-07-09T13:39:39.724Z
1-bottle,4,"Danish Shayan Nawaz","Pleasant Lavender Scent","Rozana floor safai ke liye use kiya. Mopping easy rahi aur lavender wali khushboo kaafi pleasant hai. Dobara use karunga. 4.8 Fragrance sab se achi lagi.",true,2026-07-08T14:01:23.662Z
1-bottle,5,"Zara Umar Hashmi","Refreshing Lavender Fragrance","I liked the lavender scent more than I expected. Cleaning was easy and the floor felt fresh afterward. Good for routine mopping. 4 Pretty decent overall.",true,2026-07-08T13:45:10.672Z
1-bottle,5,"Sonia Raza Hussain","Refreshing Lavender Fragrance","Eco Galaxy Flooring Floor Cleaner use kiya aur mop ke baad floor kaafi fresh feel hua. Lavender ki khushboo achi hai aur bohat tez nahi. Abhi tak acha experience raha. 3 Abhi tak acha experience raha.",true,2026-07-09T14:16:47.291Z
1-bottle,5,"Sameer Amin Butt","Refreshing Lavender Fragrance","The lavender fragrance is nice and soft. I used it in the lounge and the floor looked clean after mopping. Worth trying for regular cleaning. 3.9 I liked the fragrance most.",true,2026-07-09T13:41:41.992Z
3-bottles,5,"Eesa Noor Rashid","Refreshing Lavender Fragrance","Eco Galaxy Flooring Floor Cleaner use kiya aur mop ke baad floor kaafi fresh feel hua. Lavender ki khushboo achi hai aur bohat tez nahi. Dobara use karunga. 3.9 Overall theek laga.",false,2026-07-09T13:46:03.555Z
3-bottles,5,"Ashar Zubair Baig","Refreshing Lavender Fragrance","I liked the lavender scent more than I expected. Cleaning was easy and the floor felt fresh afterward. Good for routine mopping. 4.5 Worth trying for regular cleaning.",true,2026-07-09T13:46:06.375Z
3-bottles,5,"Noman Raza Akhtar","Refreshing Lavender Fragrance","Khushboo expected se achi nikli. Mop ke baad floor fresh fresh feel hota hai aur use karna بھی easy hai. Abhi tak acha experience raha. 4.5 Daily safai ke liye sahi hai.",true,2026-07-09T14:10:50.008Z
5-bottles,4,"Adnan Ali Baig","Pleasant Lavender Scent","I liked the lavender scent more than I expected. Cleaning was easy and the floor felt fresh afterward. Worth trying for regular cleaning.",true,2026-07-09T13:55:59.058Z
5-bottles,5,"Omer Umar Akhtar","Refreshing Lavender Fragrance","Khushboo expected se achi nikli. Mop ke baad floor fresh fresh feel hota hai aur use karna بھی easy hai. Daily safai ke liye sahi hai. 3 Dobara use karunga.",true,2026-07-10T14:18:26.082Z
1-bottle,5,"Yumna Sami Saeed","Refreshing Lavender Fragrance","Good for normal floor cleaning. The smell stays for a while and gives the room a fresh feeling. Would use it again. Worth trying for regular cleaning.",false,2026-07-10T13:58:19.418Z
1-bottle,5,"Osama Kashan Khan","Refreshing Lavender Fragrance","Eco Galaxy Flooring Floor Cleaner use kiya aur mop ke baad floor kaafi fresh feel hua. Lavender ki khushboo achi hai aur bohat tez nahi. Abhi tak acha experience raha. 3 Overall theek laga.",true,2026-07-10T13:48:10.666Z
1-bottle,5,"Sonia Adil Farooq","Refreshing Lavender Fragrance","Pretty good for everyday cleaning. The fragrance is pleasant and the one liter bottle is easy to handle. I liked the fragrance most. 3.5 Good for routine mopping.",true,2026-07-10T13:41:14.787Z
1-bottle,5,"Arsalan Taimur Akhtar","Refreshing Lavender Fragrance","Lavender ki fragrance mujhe pasand aayi. Floor clean feel hota hai aur room mein بھی fresh smell rehti hai. Daily safai ke liye sahi hai. 4.5 Abhi tak acha experience raha.",false,2026-07-08T14:27:32.621Z
1-bottle,4,"Fahad Hassan Akhtar","Pleasant Lavender Scent","Used Eco Galaxy Flooring Floor Cleaner today and the floor felt fresh after mopping. The lavender fragrance is pleasant and not too strong. I liked the fragrance most. 3 Would use it again.",true,2026-07-08T14:23:37.790Z
3-bottles,5,"Shahzaib Sami Qureshi","Refreshing Lavender Fragrance","Khushboo expected se achi nikli. Mop ke baad floor fresh fresh feel hota hai aur use karna بھی easy hai. Abhi tak acha experience raha.",true,2026-07-07T13:38:34.399Z
3-bottles,5,"Taha Raza Baig","Refreshing Lavender Fragrance","Used Eco Galaxy Flooring Floor Cleaner today and the floor felt fresh after mopping. The lavender fragrance is pleasant and not too strong. Would use it again. 3.5 Worth trying for regular cleaning.",true,2026-07-08T14:01:23.660Z
3-bottles,5,"Ahmed Noor Baig","Refreshing Lavender Fragrance","Rozana floor safai ke liye use kiya. Mopping easy rahi aur lavender wali khushboo kaafi pleasant hai. Overall theek laga. 3 Dobara use karunga.",true,2026-07-07T14:28:23.704Z
5-bottles,4,"Fatima Taimur Khan","Pleasant Lavender Scent","Pretty good for everyday cleaning. The fragrance is pleasant and the one liter bottle is easy to handle. Good for routine mopping.",true,2026-07-09T14:24:04.661Z
5-bottles,5,"Kashif Ibrahim Hashmi","Refreshing Lavender Fragrance","Lounge mein try kiya, floor saaf laga aur fragrance bhi achi thi. Overall acha product laga mujhe. Fragrance sab se achi lagi. Abhi tak acha experience raha.",true,2026-07-09T13:58:33.760Z
1-bottle,5,"Mustafa Adil Raza","Refreshing Lavender Fragrance","The lavender fragrance is nice and soft. I used it in the lounge and the floor looked clean after mopping. Worth trying for regular cleaning. 4.8 Worth trying for regular cleaning.",true,2026-07-08T13:48:41.897Z
1-bottle,4,"Hiba Kashan Hashmi","Pleasant Lavender Scent","Lavender ki fragrance mujhe pasand aayi. Floor clean feel hota hai aur room mein بھی fresh smell rehti hai. Fragrance sab se achi lagi. 4.8 Daily safai ke liye sahi hai.",true,2026-07-09T14:11:26.524Z
1-bottle,5,"Aariz Hassan Nawaz","Refreshing Lavender Fragrance","Good for normal floor cleaning. The smell stays for a while and gives the room a fresh feeling. Good for routine mopping. Pretty decent overall.",false,2026-07-08T14:16:06.292Z
1-bottle,5,"Irfan Umar Saeed","Refreshing Lavender Fragrance","Lounge mein try kiya, floor saaf laga aur fragrance bhi achi thi. Overall acha product laga mujhe. Daily safai ke liye sahi hai. 3.5 Daily safai ke liye sahi hai.",true,2026-07-08T13:52:50.119Z
1-bottle,5,"Adeel Zubair Butt","Refreshing Lavender Fragrance","The lavender fragrance is nice and soft. I used it in the lounge and the floor looked clean after mopping. I liked the fragrance most. 3.9 I liked the fragrance most.",true,2026-07-08T14:16:46.209Z
3-bottles,4,"Hiba Kamil Rashid","Pleasant Lavender Scent","Rozana floor safai ke liye use kiya. Mopping easy rahi aur lavender wali khushboo kaafi pleasant hai. Overall theek laga.",true,2026-07-07T14:36:06.065Z
3-bottles,4,"Imran Ahmed Raza","Pleasant Lavender Scent","Good for normal floor cleaning. The smell stays for a while and gives the room a fresh feeling. Pretty decent overall. 3.5 Worth trying for regular cleaning.",true,2026-07-07T14:18:51.724Z
3-bottles,5,"Sameer Zubair Mirza","Refreshing Lavender Fragrance","Khushboo expected se achi nikli. Mop ke baad floor fresh fresh feel hota hai aur use karna بھی easy hai. Dobara use karunga. 3.5 Daily safai ke liye sahi hai.",true,2026-07-07T14:01:17.945Z
5-bottles,5,"Huzaifa Taimur Mirza","Refreshing Lavender Fragrance","Used Eco Galaxy Flooring Floor Cleaner today and the floor felt fresh after mopping. The lavender fragrance is pleasant and not too strong. Would use it again. 4.8 I liked the fragrance most.",true,2026-07-08T13:44:07.406Z
5-bottles,5,"Sundas Ayan Mirza","Refreshing Lavender Fragrance","Eco Galaxy Flooring Floor Cleaner use kiya aur mop ke baad floor kaafi fresh feel hua. Lavender ki khushboo achi hai aur bohat tez nahi. Abhi tak acha experience raha.",true,2026-07-07T13:57:06.901Z
1-bottle,5,"Sidra Naveed Aslam","Refreshing Lavender Fragrance","The lavender fragrance is nice and soft. I used it in the lounge and the floor looked clean after mopping. Worth trying for regular cleaning. 3.9 Good for routine mopping.",true,2026-07-08T14:18:58.948Z
1-bottle,4,"Ehtisham Kamil Qureshi","Pleasant Lavender Scent","Lavender ki fragrance mujhe pasand aayi. Floor clean feel hota hai aur room mein بھی fresh smell rehti hai. Fragrance sab se achi lagi. 4.8 Abhi tak acha experience raha.",true,2026-07-07T13:55:46.020Z
1-bottle,5,"Danish Umar Iqbal","Refreshing Lavender Fragrance","Used Eco Galaxy Flooring Floor Cleaner today and the floor felt fresh after mopping. The lavender fragrance is pleasant and not too strong. Good for routine mopping. I liked the fragrance most.",true,2026-07-06T14:05:25.633Z
1-bottle,5,"Huzaifa Ayan Raza","Refreshing Lavender Fragrance","Lounge mein try kiya, floor saaf laga aur fragrance bhi achi thi. Overall acha product laga mujhe. Abhi tak acha experience raha. Daily safai ke liye sahi hai.",true,2026-07-08T13:47:47.098Z
1-bottle,4,"Talha Kamil Aslam","Pleasant Lavender Scent","Good for normal floor cleaning. The smell stays for a while and gives the room a fresh feeling. I liked the fragrance most.",true,2026-07-06T13:44:03.941Z
3-bottles,5,"Rafay Raza Malik","Refreshing Lavender Fragrance","Khushboo expected se achi nikli. Mop ke baad floor fresh fresh feel hota hai aur use karna بھی easy hai. Abhi tak acha experience raha. Abhi tak acha experience raha.",true,2026-07-08T14:14:47.879Z
3-bottles,4,"Ahmed Umar Sheikh","Pleasant Lavender Scent","Used Eco Galaxy Flooring Floor Cleaner today and the floor felt fresh after mopping. The lavender fragrance is pleasant and not too strong. Good for routine mopping. 3.9 Pretty decent overall.",true,2026-07-06T14:09:14.945Z
3-bottles,5,"Ibrahim Naveed Qureshi","Refreshing Lavender Fragrance","Rozana floor safai ke liye use kiya. Mopping easy rahi aur lavender wali khushboo kaafi pleasant hai. Dobara use karunga. 4 Fragrance sab se achi lagi.",true,2026-07-08T14:37:17.751Z
5-bottles,5,"Sufyan Amin Saeed","Refreshing Lavender Fragrance","Used Eco Galaxy Flooring Floor Cleaner today and the floor felt fresh after mopping. The lavender fragrance is pleasant and not too strong. I liked the fragrance most.",false,2026-07-08T14:26:28.850Z
5-bottles,4,"Zara Ahmed Khan","Pleasant Lavender Scent","Lavender ki fragrance mujhe pasand aayi. Floor clean feel hota hai aur room mein بھی fresh smell rehti hai. Daily safai ke liye sahi hai.",true,2026-07-08T13:38:58.803Z
1-bottle,5,"Areeba Ali Rashid","Refreshing Lavender Fragrance","The lavender fragrance is nice and soft. I used it in the lounge and the floor looked clean after mopping. Good for routine mopping. 4.8 Would use it again.",true,2026-07-06T13:38:13.590Z
1-bottle,5,"Haris Adil Baig","Refreshing Lavender Fragrance","Khushboo expected se achi nikli. Mop ke baad floor fresh fresh feel hota hai aur use karna بھی easy hai. Dobara use karunga. 4.5 Abhi tak acha experience raha.",true,2026-07-07T13:49:28.358Z
1-bottle,5,"Ashar Ali Javed","Refreshing Lavender Fragrance","The lavender fragrance is nice and soft. I used it in the lounge and the floor looked clean after mopping. Good for routine mopping. 4.8 I liked the fragrance most.",true,2026-07-07T14:36:57.577Z
1-bottle,5,"Waleed Ali Aslam","Refreshing Lavender Fragrance","Lavender ki fragrance mujhe pasand aayi. Floor clean feel hota hai aur room mein بھی fresh smell rehti hai. Abhi tak acha experience raha. 4.8 Daily safai ke liye sahi hai.",true,2026-07-06T13:39:02.345Z
1-bottle,5,"Shahzaib Adil Nawaz","Refreshing Lavender Fragrance","I liked the lavender scent more than I expected. Cleaning was easy and the floor felt fresh afterward. Pretty decent overall. 4.5 Pretty decent overall.",true,2026-07-06T13:53:58.615Z
3-bottles,5,"Maham Raza Saeed","Refreshing Lavender Fragrance","Eco Galaxy Flooring Floor Cleaner use kiya aur mop ke baad floor kaafi fresh feel hua. Lavender ki khushboo achi hai aur bohat tez nahi. Overall theek laga. Fragrance sab se achi lagi.",true,2026-07-07T13:48:37.179Z
3-bottles,5,"Laiba Ali Raza","Refreshing Lavender Fragrance","Pretty good for everyday cleaning. The fragrance is pleasant and the one liter bottle is easy to handle. Good for routine mopping. 4 Pretty decent overall.",true,2026-07-07T14:29:05.293Z
3-bottles,5,"Omer Ibrahim Sheikh","Refreshing Lavender Fragrance","Eco Galaxy Flooring Floor Cleaner use kiya aur mop ke baad floor kaafi fresh feel hua. Lavender ki khushboo achi hai aur bohat tez nahi. Daily safai ke liye sahi hai. 3 Daily safai ke liye sahi hai.",false,2026-07-05T13:49:10.748Z
5-bottles,5,"Zeeshan Noor Hussain","Refreshing Lavender Fragrance","Pretty good for everyday cleaning. The fragrance is pleasant and the one liter bottle is easy to handle. Would use it again.",false,2026-07-06T14:33:32.443Z
5-bottles,5,"Arsalan Amin Butt","Refreshing Lavender Fragrance","Eco Galaxy Flooring Floor Cleaner use kiya aur mop ke baad floor kaafi fresh feel hua. Lavender ki khushboo achi hai aur bohat tez nahi. Dobara use karunga.",false,2026-07-07T14:19:36.275Z
1-bottle,5,"Ahsan Ibrahim Aslam","Refreshing Lavender Fragrance","Good for normal floor cleaning. The smell stays for a while and gives the room a fresh feeling. I liked the fragrance most. 4.8 Pretty decent overall.",true,2026-07-07T14:17:05.097Z
1-bottle,5,"Shahzaib Faisal Siddiqui","Refreshing Lavender Fragrance","Khushboo expected se achi nikli. Mop ke baad floor fresh fresh feel hota hai aur use karna بھی easy hai. Overall theek laga.",false,2026-07-05T14:07:29.328Z
1-bottle,5,"Ayesha Ayan Iqbal","Refreshing Lavender Fragrance","The lavender fragrance is nice and soft. I used it in the lounge and the floor looked clean after mopping. I liked the fragrance most. 3.5 Pretty decent overall.",false,2026-07-06T13:57:40.040Z
1-bottle,5,"Sadia Hadi Butt","Refreshing Lavender Fragrance","Lavender ki fragrance mujhe pasand aayi. Floor clean feel hota hai aur room mein بھی fresh smell rehti hai. Overall theek laga. Daily safai ke liye sahi hai.",true,2026-07-05T14:18:58.946Z
1-bottle,5,"Ahmed Hassan Chaudhry","Refreshing Lavender Fragrance","Used Eco Galaxy Flooring Floor Cleaner today and the floor felt fresh after mopping. The lavender fragrance is pleasant and not too strong. I liked the fragrance most. I liked the fragrance most.",true,2026-07-06T13:40:04.995Z
3-bottles,5,"Iqra Hassan Siddiqui","Refreshing Lavender Fragrance","Rozana floor safai ke liye use kiya. Mopping easy rahi aur lavender wali khushboo kaafi pleasant hai. Daily safai ke liye sahi hai. Overall theek laga.",true,2026-07-06T14:07:09.713Z
3-bottles,5,"Mustafa Ibrahim Iqbal","Refreshing Lavender Fragrance","Good for normal floor cleaning. The smell stays for a while and gives the room a fresh feeling. Would use it again. 4 Worth trying for regular cleaning.",true,2026-07-05T14:10:22.341Z
3-bottles,5,"Ayaan Rehan Farooq","Refreshing Lavender Fragrance","Khushboo expected se achi nikli. Mop ke baad floor fresh fresh feel hota hai aur use karna بھی easy hai. Daily safai ke liye sahi hai. 4 Dobara use karunga.",true,2026-07-06T14:33:36.824Z
5-bottles,5,"Saad Raza Siddiqui","Refreshing Lavender Fragrance","Good for normal floor cleaning. The smell stays for a while and gives the room a fresh feeling. Worth trying for regular cleaning. 3.5 I liked the fragrance most.",true,2026-07-05T13:58:15.738Z
5-bottles,5,"Osama Amin Farooq","Refreshing Lavender Fragrance","Khushboo expected se achi nikli. Mop ke baad floor fresh fresh feel hota hai aur use karna بھی easy hai. Daily safai ke liye sahi hai. 3 Dobara use karunga.",true,2026-07-06T14:15:26.596Z
1-bottle,5,"Saim Adil Qureshi","Refreshing Lavender Fragrance","I liked the lavender scent more than I expected. Cleaning was easy and the floor felt fresh afterward. Good for routine mopping. 4 Would use it again.",false,2026-07-05T14:15:34.449Z
1-bottle,4,"Ahsan Noor Farooq","Pleasant Lavender Scent","Khushboo expected se achi nikli. Mop ke baad floor fresh fresh feel hota hai aur use karna بھی easy hai. Daily safai ke liye sahi hai. Abhi tak acha experience raha.",true,2026-07-07T14:24:09.180Z
1-bottle,5,"Saad Hassan Khan","Refreshing Lavender Fragrance","I liked the lavender scent more than I expected. Cleaning was easy and the floor felt fresh afterward. Worth trying for regular cleaning.",true,2026-07-05T14:07:32.359Z
1-bottle,4,"Sonia Kamil Siddiqui","Pleasant Lavender Scent","Rozana floor safai ke liye use kiya. Mopping easy rahi aur lavender wali khushboo kaafi pleasant hai. Daily safai ke liye sahi hai. 3 Dobara use karunga.",true,2026-07-06T13:50:17.768Z
1-bottle,4,"Bilal Sami Raza","Pleasant Lavender Scent","The lavender fragrance is nice and soft. I used it in the lounge and the floor looked clean after mopping. I liked the fragrance most.",false,2026-07-05T14:20:31.732Z
3-bottles,4,"Ayaan Rehan Saeed","Pleasant Lavender Scent","Rozana floor safai ke liye use kiya. Mopping easy rahi aur lavender wali khushboo kaafi pleasant hai. Overall theek laga. 3.9 Abhi tak acha experience raha.",true,2026-07-06T14:00:43.194Z
3-bottles,5,"Rabia Kamil Malik","Refreshing Lavender Fragrance","Used Eco Galaxy Flooring Floor Cleaner today and the floor felt fresh after mopping. The lavender fragrance is pleasant and not too strong. Pretty decent overall.",true,2026-07-05T14:00:56.881Z
3-bottles,5,"Ahsan Zubair Khan","Refreshing Lavender Fragrance","Eco Galaxy Flooring Floor Cleaner use kiya aur mop ke baad floor kaafi fresh feel hua. Lavender ki khushboo achi hai aur bohat tez nahi. Dobara use karunga. 3.9 Overall theek laga.",true,2026-07-04T13:38:02.509Z
5-bottles,5,"Iqra Rehan Baig","Refreshing Lavender Fragrance","Used Eco Galaxy Flooring Floor Cleaner today and the floor felt fresh after mopping. The lavender fragrance is pleasant and not too strong. Good for routine mopping. 3 Would use it again.",true,2026-07-05T13:47:21.335Z
5-bottles,5,"Noor Sami Saeed","Refreshing Lavender Fragrance","Rozana floor safai ke liye use kiya. Mopping easy rahi aur lavender wali khushboo kaafi pleasant hai. Fragrance sab se achi lagi. 3 Dobara use karunga.",true,2026-07-05T13:54:15.636Z
1-bottle,5,"Zeeshan Kamil Akhtar","Refreshing Lavender Fragrance","Pretty good for everyday cleaning. The fragrance is pleasant and the one liter bottle is easy to handle. Worth trying for regular cleaning. 3.5 Would use it again.",true,2026-07-05T13:46:36.278Z
1-bottle,4,"Faris Hadi Baig","Pleasant Lavender Scent","Lounge mein try kiya, floor saaf laga aur fragrance bhi achi thi. Overall acha product laga mujhe. Daily safai ke liye sahi hai. 3 Overall theek laga.",true,2026-07-06T14:30:16.600Z
1-bottle,5,"Talha Shayan Iqbal","Refreshing Lavender Fragrance","I liked the lavender scent more than I expected. Cleaning was easy and the floor felt fresh afterward. Worth trying for regular cleaning.",true,2026-07-04T14:36:39.161Z
1-bottle,5,"Fatima Kamil Butt","Refreshing Lavender Fragrance","Rozana floor safai ke liye use kiya. Mopping easy rahi aur lavender wali khushboo kaafi pleasant hai. Fragrance sab se achi lagi. 4.8 Overall theek laga.",false,2026-07-05T14:09:53.896Z
1-bottle,4,"Asad Ali Butt","Pleasant Lavender Scent","I liked the lavender scent more than I expected. Cleaning was easy and the floor felt fresh afterward. Worth trying for regular cleaning. 4 Would use it again.",true,2026-07-05T14:22:28.123Z
3-bottles,5,"Daniyal Ali Aslam","Refreshing Lavender Fragrance","Lavender ki fragrance mujhe pasand aayi. Floor clean feel hota hai aur room mein بھی fresh smell rehti hai. Daily safai ke liye sahi hai. 3.9 Abhi tak acha experience raha.",true,2026-07-06T14:24:23.920Z
3-bottles,5,"Mahnoor Rehan Farooq","Refreshing Lavender Fragrance","Pretty good for everyday cleaning. The fragrance is pleasant and the one liter bottle is easy to handle. I liked the fragrance most.",true,2026-07-04T14:05:12.302Z
3-bottles,5,"Omer Hassan Hashmi","Refreshing Lavender Fragrance","Lounge mein try kiya, floor saaf laga aur fragrance bhi achi thi. Overall acha product laga mujhe. Abhi tak acha experience raha.",true,2026-07-05T14:20:45.570Z
5-bottles,4,"Sidra Amin Rashid","Pleasant Lavender Scent","Good for normal floor cleaning. The smell stays for a while and gives the room a fresh feeling. Pretty decent overall. Good for routine mopping.",true,2026-07-05T14:11:24.670Z
5-bottles,5,"Danish Amin Baig","Refreshing Lavender Fragrance","Rozana floor safai ke liye use kiya. Mopping easy rahi aur lavender wali khushboo kaafi pleasant hai. Abhi tak acha experience raha. Daily safai ke liye sahi hai.",true,2026-07-04T13:58:26.476Z
1-bottle,5,"Ayesha Noor Farooq","Refreshing Lavender Fragrance","I liked the lavender scent more than I expected. Cleaning was easy and the floor felt fresh afterward. I liked the fragrance most. Worth trying for regular cleaning.",true,2026-07-05T13:59:26.818Z
1-bottle,5,"Sadia Umar Nawaz","Refreshing Lavender Fragrance","Lavender ki fragrance mujhe pasand aayi. Floor clean feel hota hai aur room mein بھی fresh smell rehti hai. Fragrance sab se achi lagi. Daily safai ke liye sahi hai.",true,2026-07-05T13:50:51.707Z
1-bottle,5,"Noor Ahmed Akhtar","Refreshing Lavender Fragrance","Pretty good for everyday cleaning. The fragrance is pleasant and the one liter bottle is easy to handle. I liked the fragrance most. Worth trying for regular cleaning.",true,2026-07-04T14:18:41.438Z
1-bottle,5,"Ehtisham Kamil Siddiqui","Refreshing Lavender Fragrance","Lavender ki fragrance mujhe pasand aayi. Floor clean feel hota hai aur room mein بھی fresh smell rehti hai. Abhi tak acha experience raha. 3 Abhi tak acha experience raha.",true,2026-07-04T13:46:20.048Z
1-bottle,5,"Ali Umar Malik","Refreshing Lavender Fragrance","The lavender fragrance is nice and soft. I used it in the lounge and the floor looked clean after mopping. Pretty decent overall. 4.8 Pretty decent overall.",true,2026-07-04T14:06:56.312Z
3-bottles,5,"Sundas Noor Sheikh","Refreshing Lavender Fragrance","Lavender ki fragrance mujhe pasand aayi. Floor clean feel hota hai aur room mein بھی fresh smell rehti hai. Dobara use karunga. 4 Daily safai ke liye sahi hai.",true,2026-07-04T14:35:45.956Z
3-bottles,5,"Taha Hassan Nawaz","Refreshing Lavender Fragrance","Good for normal floor cleaning. The smell stays for a while and gives the room a fresh feeling. Good for routine mopping. 3.5 Worth trying for regular cleaning.",false,2026-07-04T14:27:41.232Z
3-bottles,5,"Arham Noor Malik","Refreshing Lavender Fragrance","Lavender ki fragrance mujhe pasand aayi. Floor clean feel hota hai aur room mein بھی fresh smell rehti hai. Dobara use karunga. 4.8 Dobara use karunga.",true,2026-07-03T13:56:36.658Z
5-bottles,5,"Aariz Naveed Qureshi","Refreshing Lavender Fragrance","Good for normal floor cleaning. The smell stays for a while and gives the room a fresh feeling. I liked the fragrance most. 4 Good for routine mopping.",true,2026-07-04T13:58:00.072Z
5-bottles,4,"Omer Umar Hashmi","Pleasant Lavender Scent","Rozana floor safai ke liye use kiya. Mopping easy rahi aur lavender wali khushboo kaafi pleasant hai. Overall theek laga. 4 Overall theek laga.",true,2026-07-04T14:00:18.323Z
1-bottle,5,"Farhan Rehan Malik","Refreshing Lavender Fragrance","Pretty good for everyday cleaning. The fragrance is pleasant and the one liter bottle is easy to handle. Pretty decent overall. I liked the fragrance most.",true,2026-07-04T14:27:43.569Z
1-bottle,4,"Fahad Rehan Saeed","Pleasant Lavender Scent","Lounge mein try kiya, floor saaf laga aur fragrance bhi achi thi. Overall acha product laga mujhe. Daily safai ke liye sahi hai. Dobara use karunga.",true,2026-07-03T13:58:55.829Z
1-bottle,5,"Ayesha Zubair Hussain","Refreshing Lavender Fragrance","Used Eco Galaxy Flooring Floor Cleaner today and the floor felt fresh after mopping. The lavender fragrance is pleasant and not too strong. Good for routine mopping. Would use it again.",true,2026-07-03T14:23:04.830Z
1-bottle,5,"Irfan Rehan Chaudhry","Refreshing Lavender Fragrance","Rozana floor safai ke liye use kiya. Mopping easy rahi aur lavender wali khushboo kaafi pleasant hai. Abhi tak acha experience raha. Fragrance sab se achi lagi.",true,2026-07-03T13:55:23.268Z
1-bottle,5,"Asad Amin Raza","Refreshing Lavender Fragrance","The lavender fragrance is nice and soft. I used it in the lounge and the floor looked clean after mopping. Would use it again. Would use it again.",true,2026-07-05T14:10:42.816Z
3-bottles,5,"Zainab Raza Qureshi","Refreshing Lavender Fragrance","Lounge mein try kiya, floor saaf laga aur fragrance bhi achi thi. Overall acha product laga mujhe. Abhi tak acha experience raha. 4.8 Fragrance sab se achi lagi.",true,2026-07-05T13:46:31.837Z
3-bottles,5,"Laiba Noor Iqbal","Refreshing Lavender Fragrance","Pretty good for everyday cleaning. The fragrance is pleasant and the one liter bottle is easy to handle. Worth trying for regular cleaning. 4 I liked the fragrance most.",true,2026-07-03T14:05:17.903Z
3-bottles,5,"Ali Faisal Khan","Refreshing Lavender Fragrance","Rozana floor safai ke liye use kiya. Mopping easy rahi aur lavender wali khushboo kaafi pleasant hai. Overall theek laga. Abhi tak acha experience raha.",true,2026-07-03T14:13:24.646Z
5-bottles,5,"Eman Faisal Baig","Refreshing Lavender Fragrance","Pretty good for everyday cleaning. The fragrance is pleasant and the one liter bottle is easy to handle. Would use it again. Would use it again.",true,2026-07-03T13:56:52.071Z
5-bottles,5,"Iqra Kashan Chaudhry","Refreshing Lavender Fragrance","Khushboo expected se achi nikli. Mop ke baad floor fresh fresh feel hota hai aur use karna بھی easy hai. Dobara use karunga. 3.9 Overall theek laga.",true,2026-07-03T14:15:34.818Z
1-bottle,4,"Sundas Amin Qureshi","Pleasant Lavender Scent","The lavender fragrance is nice and soft. I used it in the lounge and the floor looked clean after mopping. I liked the fragrance most. 3.9 Worth trying for regular cleaning.",true,2026-07-02T14:34:44.004Z
1-bottle,5,"Adnan Rehan Akhtar","Refreshing Lavender Fragrance","Eco Galaxy Flooring Floor Cleaner use kiya aur mop ke baad floor kaafi fresh feel hua. Lavender ki khushboo achi hai aur bohat tez nahi. Fragrance sab se achi lagi. 4 Daily safai ke liye sahi hai.",true,2026-07-03T14:30:37.665Z
1-bottle,4,"Ahmed Ibrahim Raza","Pleasant Lavender Scent","Good for normal floor cleaning. The smell stays for a while and gives the room a fresh feeling. Good for routine mopping. Worth trying for regular cleaning.",true,2026-07-04T13:42:23.546Z
1-bottle,4,"Taha Zubair Rashid","Pleasant Lavender Scent","Eco Galaxy Flooring Floor Cleaner use kiya aur mop ke baad floor kaafi fresh feel hua. Lavender ki khushboo achi hai aur bohat tez nahi. Dobara use karunga. Dobara use karunga.",true,2026-07-02T13:43:11.974Z
1-bottle,5,"Fatima Naveed Qureshi","Refreshing Lavender Fragrance","Used Eco Galaxy Flooring Floor Cleaner today and the floor felt fresh after mopping. The lavender fragrance is pleasant and not too strong. I liked the fragrance most. 4 Worth trying for regular cleaning.",true,2026-07-02T14:17:08.272Z
3-bottles,5,"Mahnoor Noor Javed","Refreshing Lavender Fragrance","Khushboo expected se achi nikli. Mop ke baad floor fresh fresh feel hota hai aur use karna بھی easy hai. Fragrance sab se achi lagi. Dobara use karunga.",true,2026-07-03T13:49:39.388Z
3-bottles,5,"Mustafa Hadi Aslam","Refreshing Lavender Fragrance","The lavender fragrance is nice and soft. I used it in the lounge and the floor looked clean after mopping. I liked the fragrance most. Worth trying for regular cleaning.",true,2026-07-02T14:29:41.107Z
3-bottles,5,"Jibran Noor Saeed","Refreshing Lavender Fragrance","Lavender ki fragrance mujhe pasand aayi. Floor clean feel hota hai aur room mein بھی fresh smell rehti hai. Daily safai ke liye sahi hai. Daily safai ke liye sahi hai.",true,2026-07-04T14:17:48.825Z
5-bottles,5,"Sundas Amin Hashmi","Refreshing Lavender Fragrance","The lavender fragrance is nice and soft. I used it in the lounge and the floor looked clean after mopping. Good for routine mopping. Pretty decent overall.",false,2026-07-04T14:11:21.452Z
5-bottles,4,"Usman Hadi Iqbal","Pleasant Lavender Scent","Eco Galaxy Flooring Floor Cleaner use kiya aur mop ke baad floor kaafi fresh feel hua. Lavender ki khushboo achi hai aur bohat tez nahi. Fragrance sab se achi lagi. 3.9 Overall theek laga.",true,2026-07-03T14:26:52.626Z
1-bottle,5,"Imran Ibrahim Chaudhry","Refreshing Lavender Fragrance","Pretty good for everyday cleaning. The fragrance is pleasant and the one liter bottle is easy to handle. Good for routine mopping. 3.9 Would use it again.",true,2026-07-03T14:33:17.720Z
1-bottle,5,"Zeeshan Ayan Hashmi","Refreshing Lavender Fragrance","Eco Galaxy Flooring Floor Cleaner use kiya aur mop ke baad floor kaafi fresh feel hua. Lavender ki khushboo achi hai aur bohat tez nahi. Overall theek laga. 3.5 Abhi tak acha experience raha.",true,2026-07-02T13:57:30.098Z
1-bottle,5,"Areeba Shayan Hussain","Refreshing Lavender Fragrance","I liked the lavender scent more than I expected. Cleaning was easy and the floor felt fresh afterward. Good for routine mopping. 3.9 Good for routine mopping.",true,2026-07-03T14:29:26.893Z
1-bottle,5,"Maham Adil Baig","Refreshing Lavender Fragrance","Eco Galaxy Flooring Floor Cleaner use kiya aur mop ke baad floor kaafi fresh feel hua. Lavender ki khushboo achi hai aur bohat tez nahi. Abhi tak acha experience raha. Abhi tak acha experience raha.",true,2026-07-03T14:12:50.923Z
1-bottle,5,"Kashif Hassan Iqbal","Refreshing Lavender Fragrance","I liked the lavender scent more than I expected. Cleaning was easy and the floor felt fresh afterward. Would use it again.",true,2026-07-01T14:25:42.427Z
3-bottles,4,"Arham Ali Sheikh","Pleasant Lavender Scent","Lounge mein try kiya, floor saaf laga aur fragrance bhi achi thi. Overall acha product laga mujhe. Overall theek laga. Fragrance sab se achi lagi.",true,2026-07-02T13:52:41.834Z
3-bottles,5,"Nimra Sami Sheikh","Refreshing Lavender Fragrance","The lavender fragrance is nice and soft. I used it in the lounge and the floor looked clean after mopping. Pretty decent overall. 4 Worth trying for regular cleaning.",true,2026-07-03T14:05:06.354Z
3-bottles,4,"Maryam Hassan Hussain","Pleasant Lavender Scent","Rozana floor safai ke liye use kiya. Mopping easy rahi aur lavender wali khushboo kaafi pleasant hai. Overall theek laga. 3 Overall theek laga.",true,2026-07-01T14:18:54.596Z
5-bottles,5,"Noman Kamil Javed","Refreshing Lavender Fragrance","The lavender fragrance is nice and soft. I used it in the lounge and the floor looked clean after mopping. Would use it again. 4.8 I liked the fragrance most.",true,2026-07-02T14:32:07.401Z
5-bottles,5,"Sundas Kashan Hashmi","Refreshing Lavender Fragrance","Lavender ki fragrance mujhe pasand aayi. Floor clean feel hota hai aur room mein بھی fresh smell rehti hai. Abhi tak acha experience raha. 4.5 Abhi tak acha experience raha.",true,2026-07-01T14:14:11.687Z
1-bottle,5,"Sufyan Ahmed Raza","Refreshing Lavender Fragrance","Used Eco Galaxy Flooring Floor Cleaner today and the floor felt fresh after mopping. The lavender fragrance is pleasant and not too strong. Would use it again. 3.5 Worth trying for regular cleaning.",true,2026-07-02T13:42:21.435Z
1-bottle,5,"Hassan Kashan Hussain","Refreshing Lavender Fragrance","Lavender ki fragrance mujhe pasand aayi. Floor clean feel hota hai aur room mein بھی fresh smell rehti hai. Dobara use karunga. 3.5 Dobara use karunga.",true,2026-07-01T14:00:15.048Z
1-bottle,5,"Eesa Rehan Rashid","Refreshing Lavender Fragrance","The lavender fragrance is nice and soft. I used it in the lounge and the floor looked clean after mopping. Would use it again. 4.8 I liked the fragrance most.",false,2026-07-03T14:13:50.457Z
1-bottle,5,"Sonia Ayan Rashid","Refreshing Lavender Fragrance","Eco Galaxy Flooring Floor Cleaner use kiya aur mop ke baad floor kaafi fresh feel hua. Lavender ki khushboo achi hai aur bohat tez nahi. Abhi tak acha experience raha. 4.8 Overall theek laga.",true,2026-07-03T14:11:58.145Z
1-bottle,5,"Areeb Adil Chaudhry","Refreshing Lavender Fragrance","Used Eco Galaxy Flooring Floor Cleaner today and the floor felt fresh after mopping. The lavender fragrance is pleasant and not too strong. Good for routine mopping. 4.8 Good for routine mopping.",true,2026-07-03T13:53:27.440Z
3-bottles,4,"Adeel Amin Akhtar","Pleasant Lavender Scent","Lounge mein try kiya, floor saaf laga aur fragrance bhi achi thi. Overall acha product laga mujhe. Daily safai ke liye sahi hai. 4 Abhi tak acha experience raha.",true,2026-07-02T14:17:06.762Z
3-bottles,5,"Adnan Naveed Khan","Refreshing Lavender Fragrance","The lavender fragrance is nice and soft. I used it in the lounge and the floor looked clean after mopping. I liked the fragrance most. I liked the fragrance most.",true,2026-07-02T13:57:55.366Z
3-bottles,5,"Ayesha Ali Mirza","Refreshing Lavender Fragrance","Lavender ki fragrance mujhe pasand aayi. Floor clean feel hota hai aur room mein بھی fresh smell rehti hai. Overall theek laga.",true,2026-07-03T14:32:07.412Z
5-bottles,5,"Yumna Faisal Qureshi","Refreshing Lavender Fragrance","Good for normal floor cleaning. The smell stays for a while and gives the room a fresh feeling. Pretty decent overall. 4.5 Good for routine mopping.",true,2026-07-02T13:56:48.469Z
5-bottles,5,"Daniyal Zubair Hussain","Refreshing Lavender Fragrance","Eco Galaxy Flooring Floor Cleaner use kiya aur mop ke baad floor kaafi fresh feel hua. Lavender ki khushboo achi hai aur bohat tez nahi. Overall theek laga. 3.5 Overall theek laga.",true,2026-07-01T13:39:49.755Z